Order Date,Order ID,Customer ID,Product,Category,Region,Channel,Units,Revenue,Generation Persona
2023-10-12,ORD-102666,CUS-0285,Premium Set,Premium,Hong Kong,Website,3,330.1,inactive_low_value
2023-11-22,ORD-102446,CUS-0239,Everyday Set,Core,Hong Kong,Website,2,306.09,lapsed_high_value
2023-11-27,ORD-102620,CUS-0263,Premium Set,Premium,Hong Kong,Website,4,420.92,inactive_low_value
2023-11-30,ORD-102677,CUS-0291,Starter Kit,Starter,International,Website,1,24.25,inactive_low_value
2023-12-02,ORD-102349,CUS-0231,Everyday Set,Core,New Territories,Website,2,250.14,lapsed_high_value
2023-12-02,ORD-102447,CUS-0239,Premium Set,Premium,Hong Kong,Mobile App,3,1115.07,lapsed_high_value
2023-12-04,ORD-102221,CUS-0221,Everyday Set,Core,New Territories,Mobile App,1,118.43,lapsed_high_value
2023-12-06,ORD-102320,CUS-0229,Premium Set,Premium,New Territories,Website,2,500.14,lapsed_high_value
2023-12-06,ORD-102448,CUS-0239,Premium Set,Premium,Hong Kong,Website,1,327.32,lapsed_high_value
2023-12-19,ORD-102604,CUS-0258,Premium Set,Premium,Kowloon,Website,1,145.65,inactive_low_value
2023-12-20,ORD-102066,CUS-0209,Refill Pack,Consumables,Hong Kong,Marketplace,3,169.75,lapsed_high_value
2023-12-25,ORD-102580,CUS-0250,Everyday Set,Core,New Territories,Website,4,539.92,lapsed_high_value
2023-12-26,RET-102605,CUS-0258,Premium Set,Premium,Kowloon,Return,-1,-145.65,inactive_low_value
2023-12-29,ORD-102680,CUS-0292,Everyday Set,Core,New Territories,Website,2,129.53,inactive_low_value
2024-01-02,ORD-102614,CUS-0261,Premium Set,Premium,International,Website,2,182.75,inactive_low_value
2024-01-03,ORD-102668,CUS-0286,Everyday Set,Core,Kowloon,Website,4,262.95,inactive_low_value
2024-01-04,ORD-102321,CUS-0229,Refill Pack,Consumables,New Territories,Marketplace,3,130.98,lapsed_high_value
2024-01-04,ORD-102469,CUS-0241,Everyday Set,Core,New Territories,Marketplace,2,193.66,lapsed_high_value
2024-01-08,ORD-102470,CUS-0241,Refill Pack,Consumables,New Territories,Website,3,126.49,lapsed_high_value
2024-01-14,ORD-102537,CUS-0246,Refill Pack,Consumables,International,Marketplace,3,126.24,lapsed_high_value
2024-01-15,ORD-102471,CUS-0241,Premium Set,Premium,New Territories,Website,3,578.45,lapsed_high_value
2024-01-15,ORD-102472,CUS-0241,Everyday Set,Core,New Territories,Mobile App,2,231.46,lapsed_high_value
2024-01-16,ORD-102571,CUS-0249,Everyday Set,Core,Hong Kong,Mobile App,2,210.33,lapsed_high_value
2024-01-17,ORD-101995,CUS-0203,Everyday Set,Core,Hong Kong,Website,2,216.85,lapsed_high_value
2024-01-23,ORD-102538,CUS-0246,Everyday Set,Core,International,Mobile App,1,100.13,lapsed_high_value
2024-01-25,ORD-102067,CUS-0209,Refill Pack,Consumables,Hong Kong,Mobile App,4,205.91,lapsed_high_value
2024-01-26,ORD-102192,CUS-0219,Premium Set,Premium,New Territories,Website,1,251.47,lapsed_high_value
2024-01-28,ORD-102473,CUS-0241,Refill Pack,Consumables,New Territories,Mobile App,2,74.17,lapsed_high_value
2024-01-29,ORD-102621,CUS-0263,Starter Kit,Starter,Hong Kong,Website,2,43.86,inactive_low_value
2024-02-02,ORD-102581,CUS-0250,Everyday Set,Core,New Territories,Website,1,104.5,lapsed_high_value
2024-02-08,ORD-102539,CUS-0246,Premium Set,Premium,International,Marketplace,2,422.14,lapsed_high_value
2024-02-09,ORD-102022,CUS-0205,Everyday Set,Core,International,Website,1,149.01,lapsed_high_value
2024-02-12,ORD-102023,CUS-0205,Refill Pack,Consumables,International,Marketplace,1,49.05,lapsed_high_value
2024-02-13,ORD-102390,CUS-0234,Refill Pack,Consumables,New Territories,Marketplace,1,42.48,lapsed_high_value
2024-02-14,ORD-101996,CUS-0203,Everyday Set,Core,Hong Kong,Marketplace,1,89.61,lapsed_high_value
2024-02-17,ORD-102413,CUS-0236,Starter Kit,Starter,New Territories,Marketplace,2,126.88,lapsed_high_value
2024-02-19,ORD-102414,CUS-0236,Starter Kit,Starter,New Territories,Marketplace,1,66.77,lapsed_high_value
2024-02-20,ORD-102053,CUS-0208,Refill Pack,Consumables,New Territories,Mobile App,1,39.11,lapsed_high_value
2024-02-21,ORD-102322,CUS-0229,Everyday Set,Core,New Territories,Website,2,266.98,lapsed_high_value
2024-02-23,ORD-102055,CUS-0208,Refill Pack,Consumables,New Territories,Marketplace,4,203.34,lapsed_high_value
2024-02-25,ORD-102193,CUS-0219,Everyday Set,Core,New Territories,Marketplace,1,127.23,lapsed_high_value
2024-02-27,RET-102054,CUS-0208,Refill Pack,Consumables,New Territories,Return,-1,-39.11,lapsed_high_value
2024-02-28,ORD-102194,CUS-0219,Starter Kit,Starter,New Territories,Website,1,67.14,lapsed_high_value
2024-02-29,ORD-102241,CUS-0223,Premium Set,Premium,New Territories,Marketplace,1,222.92,lapsed_high_value
2024-02-29,ORD-102415,CUS-0236,Starter Kit,Starter,New Territories,Marketplace,3,198.02,lapsed_high_value
2024-02-29,ORD-102474,CUS-0241,Refill Pack,Consumables,New Territories,Marketplace,3,122.29,lapsed_high_value
2024-03-01,ORD-102323,CUS-0229,Starter Kit,Starter,New Territories,Marketplace,3,217.87,lapsed_high_value
2024-03-02,ORD-101997,CUS-0203,Starter Kit,Starter,Hong Kong,Marketplace,3,123.38,lapsed_high_value
2024-03-02,ORD-102097,CUS-0212,Everyday Set,Core,Kowloon,Website,1,134.18,lapsed_high_value
2024-03-03,ORD-102305,CUS-0228,Premium Set,Premium,New Territories,Marketplace,3,878.7,lapsed_high_value
2024-03-03,ORD-102350,CUS-0231,Starter Kit,Starter,New Territories,Marketplace,3,205.87,lapsed_high_value
2024-03-07,ORD-102285,CUS-0226,Refill Pack,Consumables,International,Mobile App,3,156.47,lapsed_high_value
2024-03-07,ORD-102550,CUS-0247,Everyday Set,Core,New Territories,Website,1,110.39,lapsed_high_value
2024-03-09,ORD-102195,CUS-0219,Starter Kit,Starter,New Territories,Mobile App,2,121.53,lapsed_high_value
2024-03-09,ORD-102449,CUS-0239,Everyday Set,Core,Hong Kong,Marketplace,2,335.41,lapsed_high_value
2024-03-09,ORD-102475,CUS-0241,Premium Set,Premium,New Territories,Website,1,207.67,lapsed_high_value
2024-03-10,ORD-102056,CUS-0208,Starter Kit,Starter,New Territories,Website,2,119.06,lapsed_high_value
2024-03-10,ORD-102098,CUS-0212,Refill Pack,Consumables,Kowloon,Website,1,49.08,lapsed_high_value
2024-03-11,ORD-102351,CUS-0231,Refill Pack,Consumables,New Territories,Website,2,91.36,lapsed_high_value
2024-03-11,ORD-102572,CUS-0249,Everyday Set,Core,Hong Kong,Mobile App,4,392.49,lapsed_high_value
2024-03-12,ORD-102306,CUS-0228,Premium Set,Premium,New Territories,Marketplace,4,1073.56,lapsed_high_value
2024-03-13,ORD-102540,CUS-0246,Starter Kit,Starter,International,Marketplace,3,174.17,lapsed_high_value
2024-03-15,ORD-101974,CUS-0201,Starter Kit,Starter,Kowloon,Mobile App,3,227.12,lapsed_high_value
2024-03-15,ORD-102450,CUS-0239,Everyday Set,Core,Hong Kong,Mobile App,2,319.04,lapsed_high_value
2024-03-16,ORD-102076,CUS-0210,Refill Pack,Consumables,Kowloon,Mobile App,2,98.67,lapsed_high_value
2024-03-17,ORD-101975,CUS-0201,Starter Kit,Starter,Kowloon,Mobile App,1,68.81,lapsed_high_value
2024-03-17,ORD-102242,CUS-0223,Premium Set,Premium,New Territories,Mobile App,3,687.78,lapsed_high_value
2024-03-18,ORD-102045,CUS-0207,Starter Kit,Starter,New Territories,Website,4,208.1,lapsed_high_value
2024-03-18,ORD-102307,CUS-0228,Everyday Set,Core,New Territories,Marketplace,4,570.27,lapsed_high_value
2024-03-18,ORD-102404,CUS-0235,Everyday Set,Core,New Territories,Website,2,264.55,lapsed_high_value
2024-03-19,ORD-102333,CUS-0230,Refill Pack,Consumables,Kowloon,Website,2,96.54,lapsed_high_value
2024-03-20,ORD-101998,CUS-0203,Starter Kit,Starter,Hong Kong,Website,3,153.54,lapsed_high_value
2024-03-20,ORD-102308,CUS-0228,Premium Set,Premium,New Territories,Website,2,530.27,lapsed_high_value
2024-03-21,ORD-101976,CUS-0201,Everyday Set,Core,Kowloon,Website,4,617.33,lapsed_high_value
2024-03-21,ORD-102295,CUS-0227,Refill Pack,Consumables,Kowloon,Marketplace,4,195.46,lapsed_high_value
2024-03-22,ORD-102088,CUS-0211,Everyday Set,Core,New Territories,Marketplace,1,126.65,lapsed_high_value
2024-03-24,ORD-102114,CUS-0213,Everyday Set,Core,International,Mobile App,4,411.73,lapsed_high_value
2024-03-25,ORD-102068,CUS-0209,Starter Kit,Starter,Hong Kong,Website,3,277.67,lapsed_high_value
2024-03-25,ORD-102257,CUS-0224,Starter Kit,Starter,Hong Kong,Website,4,305.61,lapsed_high_value
2024-03-26,ORD-102069,CUS-0209,Starter Kit,Starter,Hong Kong,Marketplace,4,370.86,lapsed_high_value
2024-03-27,ORD-102229,CUS-0222,Starter Kit,Starter,Hong Kong,Website,4,211.11,lapsed_high_value
2024-03-27,ORD-102258,CUS-0224,Premium Set,Premium,Hong Kong,Website,3,964.03,lapsed_high_value
2024-03-27,ORD-102582,CUS-0250,Everyday Set,Core,New Territories,Website,2,256.9,lapsed_high_value
2024-03-28,ORD-102243,CUS-0223,Everyday Set,Core,New Territories,Marketplace,2,221.08,lapsed_high_value
2024-03-29,ORD-102617,CUS-0262,Refill Pack,Consumables,Hong Kong,Website,3,45.4,inactive_low_value
2024-03-30,ORD-102165,CUS-0217,Starter Kit,Starter,Kowloon,Mobile App,1,78.43,lapsed_high_value
2024-03-30,ORD-102484,CUS-0242,Premium Set,Premium,International,Website,1,278.56,lapsed_high_value
2024-03-31,ORD-102309,CUS-0228,Starter Kit,Starter,New Territories,Website,4,345.94,lapsed_high_value
2024-03-31,ORD-102405,CUS-0235,Starter Kit,Starter,New Territories,Marketplace,3,210.79,lapsed_high_value
2024-04-01,ORD-102259,CUS-0224,Starter Kit,Starter,Hong Kong,Marketplace,3,264.3,lapsed_high_value
2024-04-01,ORD-102561,CUS-0248,Starter Kit,Starter,Hong Kong,Mobile App,3,223.27,lapsed_high_value
2024-04-02,ORD-102153,CUS-0216,Starter Kit,Starter,Kowloon,Website,2,128.02,lapsed_high_value
2024-04-03,ORD-101985,CUS-0202,Starter Kit,Starter,Hong Kong,Marketplace,2,124.85,lapsed_high_value
2024-04-04,ORD-102070,CUS-0209,Starter Kit,Starter,Hong Kong,Marketplace,3,316.81,lapsed_high_value
2024-04-04,ORD-102494,CUS-0243,Refill Pack,Consumables,Kowloon,Website,4,226.31,lapsed_high_value
2024-04-04,ORD-102644,CUS-0273,Everyday Set,Core,Kowloon,Marketplace,4,267.33,inactive_low_value
2024-04-06,ORD-102024,CUS-0205,Everyday Set,Core,International,Mobile App,3,461.12,lapsed_high_value
2024-04-07,ORD-102099,CUS-0212,Starter Kit,Starter,Kowloon,Website,4,243.35,lapsed_high_value
2024-04-07,ORD-102632,CUS-0268,Starter Kit,Starter,New Territories,Website,1,37.57,inactive_low_value
2024-04-08,ORD-102089,CUS-0211,Refill Pack,Consumables,New Territories,Website,4,148.07,lapsed_high_value
2024-04-08,ORD-102610,CUS-0260,Everyday Set,Core,Hong Kong,Marketplace,2,161.47,inactive_low_value
2024-04-08,ORD-102655,CUS-0279,Refill Pack,Consumables,Kowloon,Website,1,19.87,inactive_low_value
2024-04-09,ORD-102090,CUS-0211,Refill Pack,Consumables,New Territories,Website,4,184.41,lapsed_high_value
2024-04-09,ORD-102115,CUS-0213,Everyday Set,Core,International,Mobile App,1,111.88,lapsed_high_value
2024-04-09,ORD-102116,CUS-0213,Starter Kit,Starter,International,Marketplace,1,63.2,lapsed_high_value
2024-04-11,ORD-102077,CUS-0210,Premium Set,Premium,Kowloon,Website,1,273.29,lapsed_high_value
2024-04-11,ORD-102436,CUS-0238,Starter Kit,Starter,New Territories,Marketplace,3,190.54,lapsed_high_value
2024-04-14,ORD-102091,CUS-0211,Refill Pack,Consumables,New Territories,Marketplace,2,81.7,lapsed_high_value
2024-04-15,ORD-102008,CUS-0204,Starter Kit,Starter,Kowloon,Marketplace,3,171.97,lapsed_high_value
2024-04-15,ORD-102180,CUS-0218,Everyday Set,Core,Hong Kong,Marketplace,3,453.03,lapsed_high_value
2024-04-16,ORD-102437,CUS-0238,Everyday Set,Core,New Territories,Website,1,111.02,lapsed_high_value
2024-04-17,ORD-102476,CUS-0241,Starter Kit,Starter,New Territories,Mobile App,2,101.16,lapsed_high_value
2024-04-18,ORD-102562,CUS-0248,Everyday Set,Core,Hong Kong,Marketplace,3,481.76,lapsed_high_value
2024-04-18,ORD-102656,CUS-0279,Refill Pack,Consumables,Kowloon,Mobile App,4,101.58,inactive_low_value
2024-04-19,ORD-102520,CUS-0245,Everyday Set,Core,International,Website,2,339.66,lapsed_high_value
2024-04-20,ORD-102573,CUS-0249,Everyday Set,Core,Hong Kong,Website,4,456.16,lapsed_high_value
2024-04-22,ORD-101999,CUS-0203,Everyday Set,Core,Hong Kong,Website,2,193.54,lapsed_high_value
2024-04-22,ORD-102286,CUS-0226,Everyday Set,Core,International,Website,3,473.46,lapsed_high_value
2024-04-22,RET-102009,CUS-0204,Starter Kit,Starter,Kowloon,Return,-1,-57.32,lapsed_high_value
2024-04-23,ORD-102010,CUS-0204,Premium Set,Premium,Kowloon,Website,2,529.57,lapsed_high_value
2024-04-23,ORD-102046,CUS-0207,Refill Pack,Consumables,New Territories,Marketplace,2,78.8,lapsed_high_value
2024-04-23,ORD-102551,CUS-0247,Premium Set,Premium,New Territories,Website,1,253.36,lapsed_high_value
2024-04-23,ORD-102685,CUS-0295,Refill Pack,Consumables,Hong Kong,Marketplace,3,56.5,inactive_low_value
2024-04-24,ORD-102477,CUS-0241,Premium Set,Premium,New Territories,Website,3,647.64,lapsed_high_value
2024-04-25,RET-102563,CUS-0248,Everyday Set,Core,Hong Kong,Return,-1,-160.59,lapsed_high_value
2024-04-28,ORD-102272,CUS-0225,Starter Kit,Starter,Hong Kong,Website,1,67.94,lapsed_high_value
2024-04-29,ORD-102454,CUS-0240,Everyday Set,Core,Kowloon,Marketplace,2,306.04,lapsed_high_value
2024-04-29,ORD-102552,CUS-0247,Premium Set,Premium,New Territories,Website,1,238.41,lapsed_high_value
2024-04-30,ORD-101977,CUS-0201,Refill Pack,Consumables,Kowloon,Website,3,140.27,lapsed_high_value
2024-04-30,ORD-102196,CUS-0219,Premium Set,Premium,New Territories,Marketplace,4,1016.42,lapsed_high_value
2024-04-30,ORD-102406,CUS-0235,Starter Kit,Starter,New Territories,Marketplace,4,250.33,lapsed_high_value
2024-05-01,ORD-102260,CUS-0224,Starter Kit,Starter,Hong Kong,Marketplace,2,158.42,lapsed_high_value
2024-05-01,ORD-102324,CUS-0229,Everyday Set,Core,New Territories,Mobile App,2,293.61,lapsed_high_value
2024-05-02,ORD-102678,CUS-0291,Refill Pack,Consumables,International,Website,2,29.22,inactive_low_value
2024-05-04,ORD-102521,CUS-0245,Everyday Set,Core,International,Marketplace,1,183.14,lapsed_high_value
2024-05-06,ORD-102455,CUS-0240,Starter Kit,Starter,Kowloon,Marketplace,1,68.21,lapsed_high_value
2024-05-06,ORD-102635,CUS-0270,Premium Set,Premium,New Territories,Mobile App,3,297.11,inactive_low_value
2024-05-07,ORD-101986,CUS-0202,Refill Pack,Consumables,Hong Kong,Website,3,121.86,lapsed_high_value
2024-05-07,ORD-102181,CUS-0218,Refill Pack,Consumables,Hong Kong,Website,4,210.32,lapsed_high_value
2024-05-07,ORD-102197,CUS-0219,Everyday Set,Core,New Territories,Marketplace,2,250.91,lapsed_high_value
2024-05-07,ORD-102206,CUS-0220,Everyday Set,Core,Kowloon,Website,4,579.64,lapsed_high_value
2024-05-07,ORD-102261,CUS-0224,Everyday Set,Core,Hong Kong,Website,4,630.84,lapsed_high_value
2024-05-07,ORD-102650,CUS-0276,Everyday Set,Core,Hong Kong,Website,3,206.51,inactive_low_value
2024-05-08,ORD-102287,CUS-0226,Starter Kit,Starter,International,Mobile App,4,301.4,lapsed_high_value
2024-05-09,ORD-102478,CUS-0241,Refill Pack,Consumables,New Territories,Marketplace,3,112.21,lapsed_high_value
2024-05-11,ORD-102564,CUS-0248,Everyday Set,Core,Hong Kong,Mobile App,1,176.76,lapsed_high_value
2024-05-11,ORD-102645,CUS-0273,Everyday Set,Core,Kowloon,Website,1,65.0,inactive_low_value
2024-05-13,ORD-102671,CUS-0288,Premium Set,Premium,New Territories,Website,1,150.72,inactive_low_value
2024-05-14,ORD-102244,CUS-0223,Everyday Set,Core,New Territories,Website,3,332.38,lapsed_high_value
2024-05-14,ORD-102363,CUS-0232,Everyday Set,Core,Hong Kong,Mobile App,1,133.46,lapsed_high_value
2024-05-14,RET-102182,CUS-0218,Refill Pack,Consumables,Hong Kong,Return,-1,-52.58,lapsed_high_value
2024-05-15,ORD-102611,CUS-0260,Refill Pack,Consumables,Hong Kong,Website,1,28.98,inactive_low_value
2024-05-15,ORD-102636,CUS-0270,Everyday Set,Core,New Territories,Website,1,52.08,inactive_low_value
2024-05-16,ORD-102025,CUS-0205,Starter Kit,Starter,International,Mobile App,4,280.38,lapsed_high_value
2024-05-16,ORD-102495,CUS-0243,Premium Set,Premium,Kowloon,Marketplace,1,278.02,lapsed_high_value
2024-05-16,ORD-102595,CUS-0251,Premium Set,Premium,Kowloon,Website,3,244.44,inactive_low_value
2024-05-17,ORD-102565,CUS-0248,Everyday Set,Core,Hong Kong,Website,1,181.9,lapsed_high_value
2024-05-18,ORD-102681,CUS-0292,Starter Kit,Starter,New Territories,Website,3,99.62,inactive_low_value
2024-05-19,ORD-101987,CUS-0202,Refill Pack,Consumables,Hong Kong,Marketplace,4,182.65,lapsed_high_value
2024-05-19,ORD-102667,CUS-0285,Refill Pack,Consumables,Hong Kong,Website,1,21.98,inactive_low_value
2024-05-20,ORD-102262,CUS-0224,Everyday Set,Core,Hong Kong,Website,2,319.64,lapsed_high_value
2024-05-22,ORD-102032,CUS-0206,Refill Pack,Consumables,New Territories,Mobile App,2,77.19,lapsed_high_value
2024-05-23,ORD-102198,CUS-0219,Starter Kit,Starter,New Territories,Marketplace,2,124.81,lapsed_high_value
2024-05-23,ORD-102222,CUS-0221,Everyday Set,Core,New Territories,Website,1,134.95,lapsed_high_value
2024-05-23,RET-102026,CUS-0205,Starter Kit,Starter,International,Return,-1,-70.09,lapsed_high_value
2024-05-23,RET-102496,CUS-0243,Premium Set,Premium,Kowloon,Return,-1,-278.02,lapsed_high_value
2024-05-24,ORD-102057,CUS-0208,Everyday Set,Core,New Territories,Mobile App,2,257.38,lapsed_high_value
2024-05-24,ORD-102166,CUS-0217,Starter Kit,Starter,Kowloon,Marketplace,3,189.41,lapsed_high_value
2024-05-24,ORD-102391,CUS-0234,Refill Pack,Consumables,New Territories,Marketplace,4,157.43,lapsed_high_value
2024-05-24,ORD-102583,CUS-0250,Everyday Set,Core,New Territories,Mobile App,2,246.36,lapsed_high_value
2024-05-25,ORD-102407,CUS-0235,Starter Kit,Starter,New Territories,Website,3,196.52,lapsed_high_value
2024-05-26,ORD-102606,CUS-0258,Everyday Set,Core,Kowloon,Mobile App,3,217.81,inactive_low_value
2024-05-27,ORD-102485,CUS-0242,Premium Set,Premium,International,Website,2,673.97,lapsed_high_value
2024-05-28,ORD-102273,CUS-0225,Premium Set,Premium,Hong Kong,Mobile App,2,492.13,lapsed_high_value
2024-05-28,ORD-102679,CUS-0291,Refill Pack,Consumables,International,Marketplace,1,16.5,inactive_low_value
2024-05-29,ORD-102078,CUS-0210,Starter Kit,Starter,Kowloon,Mobile App,2,177.77,lapsed_high_value
2024-05-30,ORD-102100,CUS-0212,Everyday Set,Core,Kowloon,Website,3,487.85,lapsed_high_value
2024-05-31,ORD-102310,CUS-0228,Starter Kit,Starter,New Territories,Mobile App,3,227.12,lapsed_high_value
2024-05-31,ORD-102377,CUS-0233,Refill Pack,Consumables,New Territories,Website,1,55.76,lapsed_high_value
2024-05-31,ORD-102598,CUS-0253,Premium Set,Premium,Hong Kong,Website,1,84.42,inactive_low_value
2024-05-31,RET-102167,CUS-0217,Starter Kit,Starter,Kowloon,Return,-1,-63.14,lapsed_high_value
2024-06-01,ORD-102615,CUS-0261,Everyday Set,Core,International,Mobile App,2,95.05,inactive_low_value
2024-06-04,ORD-102574,CUS-0249,Starter Kit,Starter,Hong Kong,Website,3,193.35,lapsed_high_value
2024-06-06,ORD-102622,CUS-0263,Premium Set,Premium,Hong Kong,Marketplace,1,89.42,inactive_low_value
2024-06-07,ORD-102058,CUS-0208,Refill Pack,Consumables,New Territories,Marketplace,4,183.33,lapsed_high_value
2024-06-09,ORD-102207,CUS-0220,Premium Set,Premium,Kowloon,Website,1,331.22,lapsed_high_value
2024-06-09,ORD-102510,CUS-0244,Starter Kit,Starter,Kowloon,Website,1,75.24,lapsed_high_value
2024-06-10,ORD-102208,CUS-0220,Everyday Set,Core,Kowloon,Website,3,430.42,lapsed_high_value
2024-06-10,ORD-102522,CUS-0245,Refill Pack,Consumables,International,Website,2,108.53,lapsed_high_value
2024-06-11,ORD-102325,CUS-0229,Refill Pack,Consumables,New Territories,Marketplace,3,135.3,lapsed_high_value
2024-06-11,ORD-102326,CUS-0229,Premium Set,Premium,New Territories,Website,3,738.07,lapsed_high_value
2024-06-11,ORD-102584,CUS-0250,Everyday Set,Core,New Territories,Website,2,278.67,lapsed_high_value
2024-06-11,ORD-102633,CUS-0268,Starter Kit,Starter,New Territories,Website,3,117.38,inactive_low_value
2024-06-11,ORD-102686,CUS-0295,Starter Kit,Starter,Hong Kong,Website,4,133.11,inactive_low_value
2024-06-12,ORD-102168,CUS-0217,Starter Kit,Starter,Kowloon,Marketplace,2,143.67,lapsed_high_value
2024-06-12,ORD-102209,CUS-0220,Starter Kit,Starter,Kowloon,Website,1,74.97,lapsed_high_value
2024-06-13,ORD-102553,CUS-0247,Everyday Set,Core,New Territories,Website,4,534.87,lapsed_high_value
2024-06-14,ORD-102169,CUS-0217,Everyday Set,Core,Kowloon,Marketplace,2,294.64,lapsed_high_value
2024-06-14,ORD-102352,CUS-0231,Everyday Set,Core,New Territories,Mobile App,2,195.45,lapsed_high_value
2024-06-15,ORD-102000,CUS-0203,Starter Kit,Starter,Hong Kong,Website,1,66.06,lapsed_high_value
2024-06-15,ORD-102033,CUS-0206,Premium Set,Premium,New Territories,Website,2,505.26,lapsed_high_value
2024-06-15,ORD-102311,CUS-0228,Premium Set,Premium,New Territories,Website,3,857.8,lapsed_high_value
2024-06-16,ORD-102047,CUS-0207,Everyday Set,Core,New Territories,Website,3,328.6,lapsed_high_value
2024-06-16,ORD-102138,CUS-0215,Everyday Set,Core,Hong Kong,Mobile App,1,129.98,lapsed_high_value
2024-06-16,ORD-102456,CUS-0240,Premium Set,Premium,Kowloon,Website,2,581.42,lapsed_high_value
2024-06-18,ORD-102497,CUS-0243,Refill Pack,Consumables,Kowloon,Website,2,100.07,lapsed_high_value
2024-06-19,ORD-102034,CUS-0206,Refill Pack,Consumables,New Territories,Marketplace,3,130.68,lapsed_high_value
2024-06-19,ORD-102637,CUS-0270,Starter Kit,Starter,New Territories,Website,4,117.34,inactive_low_value
2024-06-21,ORD-102117,CUS-0213,Refill Pack,Consumables,International,Mobile App,4,153.93,lapsed_high_value
2024-06-21,ORD-102353,CUS-0231,Starter Kit,Starter,New Territories,Website,2,113.66,lapsed_high_value
2024-06-21,ORD-102457,CUS-0240,Starter Kit,Starter,Kowloon,Marketplace,4,299.41,lapsed_high_value
2024-06-22,ORD-102048,CUS-0207,Starter Kit,Starter,New Territories,Mobile App,3,161.13,lapsed_high_value
2024-06-22,ORD-102498,CUS-0243,Everyday Set,Core,Kowloon,Website,4,577.13,lapsed_high_value
2024-06-22,ORD-102511,CUS-0244,Starter Kit,Starter,Kowloon,Marketplace,4,311.38,lapsed_high_value
2024-06-22,RET-102312,CUS-0228,Premium Set,Premium,New Territories,Return,-1,-285.93,lapsed_high_value
2024-06-27,ORD-102139,CUS-0215,Everyday Set,Core,Hong Kong,Marketplace,4,522.02,lapsed_high_value
2024-06-27,ORD-102566,CUS-0248,Starter Kit,Starter,Hong Kong,Marketplace,3,264.89,lapsed_high_value
2024-06-27,ORD-102658,CUS-0280,Starter Kit,Starter,New Territories,Website,1,39.98,inactive_low_value
2024-06-28,ORD-102101,CUS-0212,Everyday Set,Core,Kowloon,Mobile App,4,516.69,lapsed_high_value
2024-06-28,ORD-102616,CUS-0261,Everyday Set,Core,International,Website,3,154.8,inactive_low_value
2024-06-29,ORD-102245,CUS-0223,Everyday Set,Core,New Territories,Website,4,441.66,lapsed_high_value
2024-06-29,ORD-102438,CUS-0238,Refill Pack,Consumables,New Territories,Website,1,34.91,lapsed_high_value
2024-06-30,ORD-102458,CUS-0240,Premium Set,Premium,Kowloon,Mobile App,2,691.78,lapsed_high_value
2024-07-01,ORD-102499,CUS-0243,Refill Pack,Consumables,Kowloon,Website,2,96.9,lapsed_high_value
2024-07-01,ORD-102669,CUS-0286,Starter Kit,Starter,Kowloon,Website,4,149.11,inactive_low_value
2024-07-02,ORD-102575,CUS-0249,Everyday Set,Core,Hong Kong,Mobile App,3,331.85,lapsed_high_value
2024-07-03,ORD-102140,CUS-0215,Refill Pack,Consumables,Hong Kong,Website,3,149.48,lapsed_high_value
2024-07-04,ORD-102118,CUS-0213,Everyday Set,Core,International,Website,4,546.66,lapsed_high_value
2024-07-04,ORD-102663,CUS-0282,Starter Kit,Starter,Hong Kong,Website,1,24.61,inactive_low_value
2024-07-05,ORD-102154,CUS-0216,Everyday Set,Core,Kowloon,Marketplace,2,224.72,lapsed_high_value
2024-07-05,ORD-102223,CUS-0221,Everyday Set,Core,New Territories,Website,4,400.14,lapsed_high_value
2024-07-05,ORD-102327,CUS-0229,Everyday Set,Core,New Territories,Marketplace,1,115.9,lapsed_high_value
2024-07-05,RET-102102,CUS-0212,Everyday Set,Core,Kowloon,Return,-1,-129.17,lapsed_high_value
2024-07-06,ORD-102313,CUS-0228,Starter Kit,Starter,New Territories,Website,4,372.55,lapsed_high_value
2024-07-08,ORD-101988,CUS-0202,Premium Set,Premium,Hong Kong,Website,2,521.74,lapsed_high_value
2024-07-08,ORD-102035,CUS-0206,Everyday Set,Core,New Territories,Mobile App,4,442.51,lapsed_high_value
2024-07-09,ORD-102170,CUS-0217,Premium Set,Premium,Kowloon,Website,3,834.98,lapsed_high_value
2024-07-09,ORD-102459,CUS-0240,Starter Kit,Starter,Kowloon,Marketplace,3,266.76,lapsed_high_value
2024-07-09,ORD-102523,CUS-0245,Premium Set,Premium,International,Mobile App,4,1348.18,lapsed_high_value
2024-07-09,ORD-102585,CUS-0250,Starter Kit,Starter,New Territories,Website,4,274.04,lapsed_high_value
2024-07-09,ORD-102597,CUS-0252,Premium Set,Premium,Hong Kong,Marketplace,2,244.72,inactive_low_value
2024-07-11,ORD-102129,CUS-0214,Premium Set,Premium,Hong Kong,Mobile App,3,1055.31,lapsed_high_value
2024-07-11,ORD-102586,CUS-0250,Starter Kit,Starter,New Territories,Marketplace,2,148.44,lapsed_high_value
2024-07-12,ORD-102092,CUS-0211,Everyday Set,Core,New Territories,Website,4,537.46,lapsed_high_value
2024-07-13,ORD-102210,CUS-0220,Starter Kit,Starter,Kowloon,Website,2,147.47,lapsed_high_value
2024-07-13,ORD-102263,CUS-0224,Premium Set,Premium,Hong Kong,Mobile App,2,607.38,lapsed_high_value
2024-07-13,ORD-102354,CUS-0231,Everyday Set,Core,New Territories,Marketplace,4,451.99,lapsed_high_value
2024-07-14,ORD-102288,CUS-0226,Refill Pack,Consumables,International,Website,4,204.13,lapsed_high_value
2024-07-14,ORD-102451,CUS-0239,Refill Pack,Consumables,Hong Kong,Mobile App,2,113.51,lapsed_high_value
2024-07-14,ORD-102672,CUS-0288,Refill Pack,Consumables,New Territories,Website,3,70.86,inactive_low_value
2024-07-15,ORD-102119,CUS-0213,Everyday Set,Core,International,Website,1,117.41,lapsed_high_value
2024-07-16,ORD-102141,CUS-0215,Starter Kit,Starter,Hong Kong,Website,1,75.6,lapsed_high_value
2024-07-16,ORD-102314,CUS-0228,Everyday Set,Core,New Territories,Website,4,568.1,lapsed_high_value
2024-07-17,ORD-102049,CUS-0207,Everyday Set,Core,New Territories,Website,2,210.77,lapsed_high_value
2024-07-17,ORD-102355,CUS-0231,Premium Set,Premium,New Territories,Mobile App,1,243.44,lapsed_high_value
2024-07-18,ORD-102673,CUS-0288,Everyday Set,Core,New Territories,Marketplace,4,347.5,inactive_low_value
2024-07-19,ORD-102050,CUS-0207,Starter Kit,Starter,New Territories,Website,3,169.46,lapsed_high_value
2024-07-19,ORD-102230,CUS-0222,Refill Pack,Consumables,Hong Kong,Website,1,34.81,lapsed_high_value
2024-07-20,ORD-102011,CUS-0204,Everyday Set,Core,Kowloon,Marketplace,4,452.24,lapsed_high_value
2024-07-20,ORD-102647,CUS-0274,Everyday Set,Core,Hong Kong,Mobile App,3,236.23,inactive_low_value
2024-07-21,ORD-102274,CUS-0225,Everyday Set,Core,Hong Kong,Mobile App,1,116.33,lapsed_high_value
2024-07-21,ORD-102500,CUS-0243,Everyday Set,Core,Kowloon,Mobile App,1,156.24,lapsed_high_value
2024-07-21,ORD-102541,CUS-0246,Premium Set,Premium,International,Mobile App,4,768.52,lapsed_high_value
2024-07-21,ORD-102554,CUS-0247,Everyday Set,Core,New Territories,Marketplace,1,107.17,lapsed_high_value
2024-07-21,ORD-102587,CUS-0250,Starter Kit,Starter,New Territories,Mobile App,1,57.81,lapsed_high_value
2024-07-22,ORD-102328,CUS-0229,Everyday Set,Core,New Territories,Mobile App,4,600.79,lapsed_high_value
2024-07-22,ORD-102479,CUS-0241,Everyday Set,Core,New Territories,Website,4,447.3,lapsed_high_value
2024-07-23,ORD-102079,CUS-0210,Starter Kit,Starter,Kowloon,Website,4,303.58,lapsed_high_value
2024-07-23,ORD-102171,CUS-0217,Refill Pack,Consumables,Kowloon,Marketplace,3,138.39,lapsed_high_value
2024-07-23,ORD-102664,CUS-0283,Everyday Set,Core,Hong Kong,Marketplace,3,193.25,inactive_low_value
2024-07-24,ORD-102589,CUS-0250,Everyday Set,Core,New Territories,Mobile App,4,528.34,lapsed_high_value
2024-07-24,ORD-102634,CUS-0269,Refill Pack,Consumables,Kowloon,Marketplace,2,49.57,inactive_low_value
2024-07-25,ORD-102071,CUS-0209,Everyday Set,Core,Hong Kong,Website,3,554.44,lapsed_high_value
2024-07-25,ORD-102392,CUS-0234,Everyday Set,Core,New Territories,Website,2,187.48,lapsed_high_value
2024-07-26,ORD-102231,CUS-0222,Everyday Set,Core,Hong Kong,Marketplace,2,213.69,lapsed_high_value
2024-07-26,ORD-102289,CUS-0226,Starter Kit,Starter,International,Website,4,361.27,lapsed_high_value
2024-07-27,ORD-102661,CUS-0281,Everyday Set,Core,Kowloon,Marketplace,2,97.4,inactive_low_value
2024-07-28,ORD-102012,CUS-0204,Everyday Set,Core,Kowloon,Mobile App,3,374.48,lapsed_high_value
2024-07-28,RET-102588,CUS-0250,Starter Kit,Starter,New Territories,Return,-1,-57.81,lapsed_high_value
2024-07-29,ORD-102027,CUS-0205,Everyday Set,Core,International,Website,3,375.63,lapsed_high_value
2024-07-29,ORD-102130,CUS-0214,Refill Pack,Consumables,Hong Kong,Marketplace,4,210.72,lapsed_high_value
2024-07-29,ORD-102618,CUS-0262,Everyday Set,Core,Hong Kong,Website,2,84.62,inactive_low_value
2024-07-30,ORD-101191,CUS-0077,Refill Pack,Consumables,Kowloon,Marketplace,4,144.79,steady_repeat
2024-08-01,ORD-101978,CUS-0201,Premium Set,Premium,Kowloon,Website,4,1036.52,lapsed_high_value
2024-08-01,ORD-102001,CUS-0203,Starter Kit,Starter,Hong Kong,Website,3,160.69,lapsed_high_value
2024-08-01,ORD-102013,CUS-0204,Everyday Set,Core,Kowloon,Website,4,490.87,lapsed_high_value
2024-08-02,ORD-102654,CUS-0278,Starter Kit,Starter,Hong Kong,Website,1,25.5,inactive_low_value
2024-08-03,ORD-102172,CUS-0217,Starter Kit,Starter,Kowloon,Mobile App,3,210.53,lapsed_high_value
2024-08-04,ORD-101989,CUS-0202,Starter Kit,Starter,Hong Kong,Marketplace,3,206.24,lapsed_high_value
2024-08-05,ORD-102211,CUS-0220,Premium Set,Premium,Kowloon,Mobile App,1,229.14,lapsed_high_value
2024-08-05,ORD-102408,CUS-0235,Refill Pack,Consumables,New Territories,Marketplace,2,93.23,lapsed_high_value
2024-08-06,ORD-102246,CUS-0223,Refill Pack,Consumables,New Territories,Website,4,148.9,lapsed_high_value
2024-08-06,ORD-102290,CUS-0226,Everyday Set,Core,International,Website,2,315.81,lapsed_high_value
2024-08-06,ORD-102486,CUS-0242,Refill Pack,Consumables,International,Marketplace,2,107.45,lapsed_high_value
2024-08-07,ORD-102612,CUS-0260,Refill Pack,Consumables,Hong Kong,Marketplace,3,91.22,inactive_low_value
2024-08-09,ORD-101518,CUS-0103,Everyday Set,Core,Kowloon,Marketplace,1,96.61,steady_repeat
2024-08-09,ORD-102120,CUS-0213,Premium Set,Premium,International,Website,3,732.77,lapsed_high_value
2024-08-10,ORD-102173,CUS-0217,Starter Kit,Starter,Kowloon,Mobile App,3,214.2,lapsed_high_value
2024-08-10,ORD-102427,CUS-0237,Everyday Set,Core,International,Website,3,359.72,lapsed_high_value
2024-08-10,ORD-102555,CUS-0247,Premium Set,Premium,New Territories,Mobile App,2,473.3,lapsed_high_value
2024-08-10,ORD-102629,CUS-0267,Starter Kit,Starter,New Territories,Mobile App,4,136.36,inactive_low_value
2024-08-11,ORD-102142,CUS-0215,Everyday Set,Core,Hong Kong,Website,1,150.63,lapsed_high_value
2024-08-11,ORD-102143,CUS-0215,Refill Pack,Consumables,Hong Kong,Mobile App,3,131.44,lapsed_high_value
2024-08-11,ORD-102199,CUS-0219,Refill Pack,Consumables,New Territories,Mobile App,3,122.26,lapsed_high_value
2024-08-11,ORD-102212,CUS-0220,Everyday Set,Core,Kowloon,Website,3,437.83,lapsed_high_value
2024-08-11,ORD-102364,CUS-0232,Refill Pack,Consumables,Hong Kong,Website,3,141.9,lapsed_high_value
2024-08-11,ORD-102460,CUS-0240,Everyday Set,Core,Kowloon,Marketplace,2,265.42,lapsed_high_value
2024-08-12,ORD-102657,CUS-0279,Everyday Set,Core,Kowloon,Website,4,290.57,inactive_low_value
2024-08-13,ORD-102291,CUS-0226,Premium Set,Premium,International,Mobile App,3,836.12,lapsed_high_value
2024-08-13,ORD-102524,CUS-0245,Everyday Set,Core,International,Marketplace,3,434.06,lapsed_high_value
2024-08-14,ORD-102275,CUS-0225,Starter Kit,Starter,Hong Kong,Marketplace,2,126.47,lapsed_high_value
2024-08-14,RET-102613,CUS-0260,Refill Pack,Consumables,Hong Kong,Return,-1,-30.41,inactive_low_value
2024-08-15,ORD-102059,CUS-0208,Starter Kit,Starter,New Territories,Marketplace,1,56.75,lapsed_high_value
2024-08-15,ORD-102121,CUS-0213,Everyday Set,Core,International,Mobile App,3,420.32,lapsed_high_value
2024-08-15,ORD-102264,CUS-0224,Everyday Set,Core,Hong Kong,Marketplace,3,517.25,lapsed_high_value
2024-08-15,ORD-102296,CUS-0227,Everyday Set,Core,Kowloon,Marketplace,3,430.51,lapsed_high_value
2024-08-15,ORD-102774,CUS-0310,Everyday Set,Core,New Territories,Marketplace,3,176.47,cooling
2024-08-17,ORD-102028,CUS-0205,Premium Set,Premium,International,Mobile App,1,245.42,lapsed_high_value
2024-08-17,ORD-102378,CUS-0233,Everyday Set,Core,New Territories,Marketplace,1,167.85,lapsed_high_value
2024-08-17,RET-102428,CUS-0237,Everyday Set,Core,International,Return,-1,-119.91,lapsed_high_value
2024-08-18,ORD-101979,CUS-0201,Everyday Set,Core,Kowloon,Mobile App,4,623.16,lapsed_high_value
2024-08-18,ORD-102072,CUS-0209,Refill Pack,Consumables,Hong Kong,Website,2,111.08,lapsed_high_value
2024-08-18,ORD-102416,CUS-0236,Starter Kit,Starter,New Territories,Website,1,69.39,lapsed_high_value
2024-08-18,RET-102144,CUS-0215,Refill Pack,Consumables,Hong Kong,Return,-1,-43.81,lapsed_high_value
2024-08-19,ORD-101083,CUS-0069,Premium Set,Premium,Kowloon,Marketplace,3,648.75,steady_repeat
2024-08-19,ORD-101126,CUS-0072,Starter Kit,Starter,Hong Kong,Website,2,126.16,steady_repeat
2024-08-19,ORD-102429,CUS-0237,Starter Kit,Starter,International,Website,2,102.8,lapsed_high_value
2024-08-20,ORD-102080,CUS-0210,Everyday Set,Core,Kowloon,Marketplace,3,464.61,lapsed_high_value
2024-08-20,ORD-102693,CUS-0297,Premium Set,Premium,Hong Kong,Mobile App,2,356.05,cooling
2024-08-21,ORD-101096,CUS-0070,Premium Set,Premium,Hong Kong,Website,3,588.39,steady_repeat
2024-08-21,ORD-102145,CUS-0215,Everyday Set,Core,Hong Kong,Marketplace,1,144.23,lapsed_high_value
2024-08-21,ORD-102247,CUS-0223,Everyday Set,Core,New Territories,Website,3,335.67,lapsed_high_value
2024-08-21,ORD-102687,CUS-0295,Everyday Set,Core,Hong Kong,Website,4,207.9,inactive_low_value
2024-08-21,ORD-102895,CUS-0330,Refill Pack,Consumables,New Territories,Mobile App,2,42.73,cooling
2024-08-21,RET-102276,CUS-0225,Starter Kit,Starter,Hong Kong,Return,-1,-63.24,lapsed_high_value
2024-08-22,ORD-101070,CUS-0068,Starter Kit,Starter,Kowloon,Marketplace,3,166.74,steady_repeat
2024-08-22,ORD-102248,CUS-0223,Everyday Set,Core,New Territories,Marketplace,3,373.06,lapsed_high_value
2024-08-22,ORD-102356,CUS-0231,Starter Kit,Starter,New Territories,Website,3,174.44,lapsed_high_value
2024-08-22,ORD-102417,CUS-0236,Refill Pack,Consumables,New Territories,Marketplace,1,39.38,lapsed_high_value
2024-08-22,RET-102122,CUS-0213,Everyday Set,Core,International,Return,-1,-140.11,lapsed_high_value
2024-08-23,ORD-100909,CUS-0054,Starter Kit,Starter,Kowloon,Mobile App,3,154.44,steady_repeat
2024-08-24,ORD-100929,CUS-0056,Refill Pack,Consumables,Hong Kong,Website,1,33.39,steady_repeat
2024-08-24,ORD-101127,CUS-0072,Refill Pack,Consumables,Hong Kong,Website,1,42.43,steady_repeat
2024-08-25,ORD-102393,CUS-0234,Everyday Set,Core,New Territories,Website,1,93.16,lapsed_high_value
2024-08-25,ORD-102804,CUS-0315,Starter Kit,Starter,International,Website,1,39.35,cooling
2024-08-26,ORD-102155,CUS-0216,Everyday Set,Core,Kowloon,Website,4,308.76,lapsed_high_value
2024-08-27,ORD-102576,CUS-0249,Refill Pack,Consumables,Hong Kong,Website,1,37.32,lapsed_high_value
2024-08-28,ORD-101165,CUS-0075,Refill Pack,Consumables,New Territories,Website,1,37.37,steady_repeat
2024-08-28,ORD-102060,CUS-0208,Everyday Set,Core,New Territories,Marketplace,1,130.49,lapsed_high_value
2024-08-28,ORD-102577,CUS-0249,Refill Pack,Consumables,Hong Kong,Website,4,180.52,lapsed_high_value
2024-08-29,ORD-101071,CUS-0068,Premium Set,Premium,Kowloon,Mobile App,1,197.18,steady_repeat
2024-08-29,ORD-101128,CUS-0072,Everyday Set,Core,Hong Kong,Marketplace,4,439.39,steady_repeat
2024-08-29,ORD-102542,CUS-0246,Everyday Set,Core,International,Website,2,221.15,lapsed_high_value
2024-08-30,ORD-102123,CUS-0213,Premium Set,Premium,International,Website,3,668.59,lapsed_high_value
2024-08-30,ORD-102249,CUS-0223,Everyday Set,Core,New Territories,Mobile App,4,501.13,lapsed_high_value
2024-08-30,ORD-102297,CUS-0227,Premium Set,Premium,Kowloon,Website,4,992.35,lapsed_high_value
2024-08-31,ORD-101017,CUS-0063,Everyday Set,Core,Hong Kong,Website,1,144.91,steady_repeat
2024-08-31,ORD-102298,CUS-0227,Everyday Set,Core,Kowloon,Website,3,398.44,lapsed_high_value
2024-08-31,ORD-102674,CUS-0289,Starter Kit,Starter,Kowloon,Mobile App,1,26.8,inactive_low_value
2024-09-01,ORD-102590,CUS-0250,Refill Pack,Consumables,New Territories,Mobile App,1,41.9,lapsed_high_value
2024-09-01,RET-102805,CUS-0315,Starter Kit,Starter,International,Return,-1,-39.35,cooling
2024-09-02,ORD-102124,CUS-0213,Premium Set,Premium,International,Website,4,992.49,lapsed_high_value
2024-09-02,ORD-102156,CUS-0216,Everyday Set,Core,Kowloon,Website,3,268.17,lapsed_high_value
2024-09-02,ORD-102556,CUS-0247,Starter Kit,Starter,New Territories,Website,2,137.36,lapsed_high_value
2024-09-02,ORD-102599,CUS-0254,Everyday Set,Core,Kowloon,Mobile App,4,268.46,inactive_low_value
2024-09-02,ORD-102659,CUS-0280,Refill Pack,Consumables,New Territories,Mobile App,3,78.68,inactive_low_value
2024-09-02,ORD-102703,CUS-0298,Everyday Set,Core,Kowloon,Marketplace,1,107.15,cooling
2024-09-02,ORD-102724,CUS-0302,Everyday Set,Core,Kowloon,Website,4,356.46,cooling
2024-09-03,ORD-102512,CUS-0244,Starter Kit,Starter,Kowloon,Website,1,83.05,lapsed_high_value
2024-09-04,ORD-102081,CUS-0210,Starter Kit,Starter,Kowloon,Mobile App,1,78.39,lapsed_high_value
2024-09-06,ORD-102315,CUS-0228,Refill Pack,Consumables,New Territories,Website,2,84.17,lapsed_high_value
2024-09-06,ORD-102365,CUS-0232,Starter Kit,Starter,Hong Kong,Website,1,63.47,lapsed_high_value
2024-09-07,ORD-102439,CUS-0238,Starter Kit,Starter,New Territories,Website,1,60.48,lapsed_high_value
2024-09-07,ORD-102809,CUS-0316,Starter Kit,Starter,Hong Kong,Marketplace,4,100.81,cooling
2024-09-07,RET-101018,CUS-0063,Everyday Set,Core,Hong Kong,Return,-1,-144.91,steady_repeat
2024-09-08,ORD-100956,CUS-0058,Premium Set,Premium,Hong Kong,Website,3,576.52,steady_repeat
2024-09-08,ORD-101433,CUS-0096,Starter Kit,Starter,Hong Kong,Mobile App,1,51.66,steady_repeat
2024-09-08,ORD-102002,CUS-0203,Everyday Set,Core,Hong Kong,Website,4,385.98,lapsed_high_value
2024-09-08,ORD-102083,CUS-0210,Everyday Set,Core,Kowloon,Website,3,501.22,lapsed_high_value
2024-09-08,ORD-102334,CUS-0230,Everyday Set,Core,Kowloon,Mobile App,2,263.32,lapsed_high_value
2024-09-08,ORD-102394,CUS-0234,Everyday Set,Core,New Territories,Website,2,225.37,lapsed_high_value
2024-09-08,ORD-102694,CUS-0297,Everyday Set,Core,Hong Kong,Website,2,192.85,cooling
2024-09-09,ORD-102335,CUS-0230,Everyday Set,Core,Kowloon,Website,4,497.95,lapsed_high_value
2024-09-09,ORD-102379,CUS-0233,Starter Kit,Starter,New Territories,Marketplace,1,91.32,lapsed_high_value
2024-09-09,ORD-102525,CUS-0245,Everyday Set,Core,International,Mobile App,2,364.43,lapsed_high_value
2024-09-10,ORD-100930,CUS-0056,Premium Set,Premium,Hong Kong,Website,1,176.52,steady_repeat
2024-09-10,ORD-101559,CUS-0106,Everyday Set,Core,New Territories,Website,1,92.15,steady_repeat
2024-09-10,ORD-102250,CUS-0223,Premium Set,Premium,New Territories,Website,4,1000.98,lapsed_high_value
2024-09-10,ORD-102641,CUS-0272,Starter Kit,Starter,Kowloon,Website,4,129.0,inactive_low_value
2024-09-10,ORD-102736,CUS-0304,Everyday Set,Core,New Territories,Mobile App,1,69.99,cooling
2024-09-11,ORD-101084,CUS-0069,Premium Set,Premium,Kowloon,Website,3,707.93,steady_repeat
2024-09-11,RET-102082,CUS-0210,Starter Kit,Starter,Kowloon,Return,-1,-78.39,lapsed_high_value
2024-09-12,ORD-101019,CUS-0063,Starter Kit,Starter,Hong Kong,Website,3,185.24,steady_repeat
2024-09-12,ORD-101072,CUS-0068,Everyday Set,Core,Kowloon,Website,4,388.23,steady_repeat
2024-09-12,ORD-101231,CUS-0080,Everyday Set,Core,New Territories,Mobile App,2,168.71,steady_repeat
2024-09-12,ORD-102036,CUS-0206,Starter Kit,Starter,New Territories,Website,1,70.04,lapsed_high_value
2024-09-12,ORD-102265,CUS-0224,Premium Set,Premium,Hong Kong,Marketplace,4,1172.15,lapsed_high_value
2024-09-13,ORD-101020,CUS-0063,Refill Pack,Consumables,Hong Kong,Mobile App,2,97.24,steady_repeat
2024-09-13,ORD-102232,CUS-0222,Premium Set,Premium,Hong Kong,Marketplace,3,586.69,lapsed_high_value
2024-09-13,ORD-102336,CUS-0230,Starter Kit,Starter,Kowloon,Mobile App,2,139.89,lapsed_high_value
2024-09-13,ORD-102567,CUS-0248,Everyday Set,Core,Hong Kong,Mobile App,1,170.21,lapsed_high_value
2024-09-14,ORD-102061,CUS-0208,Everyday Set,Core,New Territories,Website,4,492.06,lapsed_high_value
2024-09-14,ORD-102299,CUS-0227,Refill Pack,Consumables,Kowloon,Website,1,36.46,lapsed_high_value
2024-09-14,ORD-102337,CUS-0230,Refill Pack,Consumables,Kowloon,Website,4,175.5,lapsed_high_value
2024-09-14,ORD-102683,CUS-0294,Everyday Set,Core,Kowloon,Website,3,244.74,inactive_low_value
2024-09-14,RET-102440,CUS-0238,Starter Kit,Starter,New Territories,Return,-1,-60.48,lapsed_high_value
2024-09-15,ORD-102062,CUS-0208,Everyday Set,Core,New Territories,Website,3,350.64,lapsed_high_value
2024-09-15,ORD-102103,CUS-0212,Everyday Set,Core,Kowloon,Marketplace,3,394.07,lapsed_high_value
2024-09-15,ORD-102430,CUS-0237,Premium Set,Premium,International,Marketplace,1,208.19,lapsed_high_value
2024-09-16,RET-102526,CUS-0245,Everyday Set,Core,International,Return,-1,-182.21,lapsed_high_value
2024-09-17,ORD-101318,CUS-0087,Refill Pack,Consumables,Hong Kong,Website,2,68.1,steady_repeat
2024-09-17,ORD-101472,CUS-0099,Everyday Set,Core,New Territories,Website,2,222.14,steady_repeat
2024-09-17,ORD-102395,CUS-0234,Starter Kit,Starter,New Territories,Website,2,118.87,lapsed_high_value
2024-09-17,ORD-102441,CUS-0238,Refill Pack,Consumables,New Territories,Marketplace,4,174.25,lapsed_high_value
2024-09-17,ORD-102619,CUS-0262,Refill Pack,Consumables,Hong Kong,Marketplace,4,52.98,inactive_low_value
2024-09-17,ORD-102623,CUS-0264,Everyday Set,Core,New Territories,Website,1,82.57,inactive_low_value
2024-09-17,ORD-102725,CUS-0302,Everyday Set,Core,Kowloon,Marketplace,2,162.36,cooling
2024-09-18,ORD-101085,CUS-0069,Starter Kit,Starter,Kowloon,Website,1,58.8,steady_repeat
2024-09-18,ORD-102357,CUS-0231,Refill Pack,Consumables,New Territories,Mobile App,3,123.05,lapsed_high_value
2024-09-18,ORD-102601,CUS-0256,Premium Set,Premium,Kowloon,Marketplace,2,256.6,inactive_low_value
2024-09-19,ORD-102896,CUS-0330,Refill Pack,Consumables,New Territories,Marketplace,4,87.14,cooling
2024-09-19,RET-101232,CUS-0080,Everyday Set,Core,New Territories,Return,-1,-84.35,steady_repeat
2024-09-20,ORD-102338,CUS-0230,Refill Pack,Consumables,Kowloon,Mobile App,2,88.34,lapsed_high_value
2024-09-21,ORD-101129,CUS-0072,Refill Pack,Consumables,Hong Kong,Website,1,38.51,steady_repeat
2024-09-21,ORD-102670,CUS-0287,Starter Kit,Starter,New Territories,Website,2,73.65,inactive_low_value
2024-09-22,ORD-101021,CUS-0063,Refill Pack,Consumables,Hong Kong,Marketplace,2,78.21,steady_repeat
2024-09-22,ORD-102329,CUS-0229,Starter Kit,Starter,New Territories,Website,3,197.78,lapsed_high_value
2024-09-22,ORD-102380,CUS-0233,Everyday Set,Core,New Territories,Website,1,178.02,lapsed_high_value
2024-09-23,ORD-100957,CUS-0058,Refill Pack,Consumables,Hong Kong,Website,3,103.15,steady_repeat
2024-09-23,ORD-101448,CUS-0097,Refill Pack,Consumables,New Territories,Website,1,38.36,steady_repeat
2024-09-24,ORD-101304,CUS-0086,Everyday Set,Core,Hong Kong,Website,1,115.51,steady_repeat
2024-09-24,ORD-102737,CUS-0304,Everyday Set,Core,New Territories,Website,3,185.4,cooling
2024-09-25,ORD-101218,CUS-0079,Everyday Set,Core,New Territories,Mobile App,1,88.9,steady_repeat
2024-09-25,ORD-102330,CUS-0229,Starter Kit,Starter,New Territories,Marketplace,2,151.91,lapsed_high_value
2024-09-25,RET-101086,CUS-0069,Starter Kit,Starter,Kowloon,Return,-1,-58.8,steady_repeat
2024-09-26,ORD-101151,CUS-0074,Starter Kit,Starter,Hong Kong,Website,2,89.35,steady_repeat
2024-09-27,ORD-101152,CUS-0074,Refill Pack,Consumables,Hong Kong,Marketplace,1,32.32,steady_repeat
2024-09-27,ORD-101305,CUS-0086,Starter Kit,Starter,Hong Kong,Website,1,43.22,steady_repeat
2024-09-27,ORD-101347,CUS-0089,Everyday Set,Core,International,Website,4,489.2,steady_repeat
2024-09-27,ORD-102213,CUS-0220,Refill Pack,Consumables,Kowloon,Mobile App,4,181.3,lapsed_high_value
2024-09-27,ORD-102316,CUS-0228,Everyday Set,Core,New Territories,Website,2,291.39,lapsed_high_value
2024-09-27,ORD-102381,CUS-0233,Refill Pack,Consumables,New Territories,Marketplace,4,207.11,lapsed_high_value
2024-09-27,ORD-102662,CUS-0281,Premium Set,Premium,Kowloon,Mobile App,1,97.53,inactive_low_value
2024-09-28,ORD-101153,CUS-0074,Everyday Set,Core,Hong Kong,Marketplace,3,312.32,steady_repeat
2024-09-28,ORD-101260,CUS-0082,Refill Pack,Consumables,Hong Kong,Marketplace,3,71.4,steady_repeat
2024-09-28,ORD-102557,CUS-0247,Everyday Set,Core,New Territories,Website,2,211.08,lapsed_high_value
2024-09-28,ORD-102866,CUS-0326,Everyday Set,Core,New Territories,Website,3,240.16,cooling
2024-09-29,ORD-102200,CUS-0219,Premium Set,Premium,New Territories,Website,2,518.71,lapsed_high_value
2024-09-29,ORD-102704,CUS-0298,Starter Kit,Starter,Kowloon,Website,3,159.89,cooling
2024-09-29,ORD-102738,CUS-0304,Everyday Set,Core,New Territories,Mobile App,4,251.02,cooling
2024-09-30,ORD-102819,CUS-0318,Starter Kit,Starter,Hong Kong,Marketplace,1,42.2,cooling
2024-09-30,ORD-102867,CUS-0326,Refill Pack,Consumables,New Territories,Marketplace,4,104.82,cooling
2024-10-01,ORD-101022,CUS-0063,Starter Kit,Starter,Hong Kong,Website,4,244.5,steady_repeat
2024-10-01,ORD-101473,CUS-0099,Premium Set,Premium,New Territories,Website,3,805.42,steady_repeat
2024-10-01,ORD-102029,CUS-0205,Everyday Set,Core,International,Website,3,383.7,lapsed_high_value
2024-10-01,ORD-102339,CUS-0230,Starter Kit,Starter,Kowloon,Website,3,209.17,lapsed_high_value
2024-10-01,ORD-102382,CUS-0233,Premium Set,Premium,New Territories,Website,4,1288.87,lapsed_high_value
2024-10-01,ORD-102646,CUS-0273,Everyday Set,Core,Kowloon,Mobile App,2,129.39,inactive_low_value
2024-10-02,ORD-101001,CUS-0062,Premium Set,Premium,Kowloon,Marketplace,2,373.38,steady_repeat
2024-10-02,ORD-101233,CUS-0080,Refill Pack,Consumables,New Territories,Marketplace,2,58.94,steady_repeat
2024-10-02,ORD-101483,CUS-0100,Refill Pack,Consumables,New Territories,Website,1,31.29,steady_repeat
2024-10-02,ORD-102003,CUS-0203,Refill Pack,Consumables,Hong Kong,Marketplace,2,68.49,lapsed_high_value
2024-10-02,ORD-102480,CUS-0241,Everyday Set,Core,New Territories,Mobile App,3,330.86,lapsed_high_value
2024-10-02,ORD-102527,CUS-0245,Everyday Set,Core,International,Marketplace,4,672.82,lapsed_high_value
2024-10-02,ORD-102756,CUS-0307,Starter Kit,Starter,Kowloon,Website,3,133.24,cooling
2024-10-02,ORD-102868,CUS-0326,Starter Kit,Starter,New Territories,Mobile App,3,86.45,cooling
2024-10-03,ORD-101449,CUS-0097,Premium Set,Premium,New Territories,Marketplace,1,227.8,steady_repeat
2024-10-03,ORD-102157,CUS-0216,Starter Kit,Starter,Kowloon,Website,3,181.06,lapsed_high_value
2024-10-03,ORD-102366,CUS-0232,Refill Pack,Consumables,Hong Kong,Website,1,48.19,lapsed_high_value
2024-10-04,ORD-100659,CUS-0039,Everyday Set,Core,Hong Kong,Website,3,504.94,frequent_recent
2024-10-04,ORD-100931,CUS-0056,Premium Set,Premium,Hong Kong,Website,2,364.78,steady_repeat
2024-10-04,ORD-101474,CUS-0099,Premium Set,Premium,New Territories,Website,1,256.85,steady_repeat
2024-10-04,ORD-102224,CUS-0221,Starter Kit,Starter,New Territories,Marketplace,3,166.75,lapsed_high_value
2024-10-04,ORD-102367,CUS-0232,Refill Pack,Consumables,Hong Kong,Mobile App,3,148.82,lapsed_high_value
2024-10-04,RET-101348,CUS-0089,Everyday Set,Core,International,Return,-1,-122.3,steady_repeat
2024-10-05,ORD-101333,CUS-0088,Everyday Set,Core,Kowloon,Marketplace,1,123.02,steady_repeat
2024-10-05,ORD-101544,CUS-0105,Starter Kit,Starter,Kowloon,Mobile App,3,128.11,steady_repeat
2024-10-05,ORD-101570,CUS-0107,Everyday Set,Core,Hong Kong,Mobile App,4,412.95,steady_repeat
2024-10-05,ORD-102004,CUS-0203,Refill Pack,Consumables,Hong Kong,Marketplace,3,93.33,lapsed_high_value
2024-10-05,ORD-102093,CUS-0211,Everyday Set,Core,New Territories,Marketplace,3,355.38,lapsed_high_value
2024-10-05,ORD-102874,CUS-0327,Premium Set,Premium,International,Mobile App,1,136.04,cooling
2024-10-05,ORD-102897,CUS-0330,Everyday Set,Core,New Territories,Mobile App,1,67.42,cooling
2024-10-06,ORD-100712,CUS-0042,Everyday Set,Core,New Territories,Marketplace,4,584.12,frequent_recent
2024-10-06,ORD-100958,CUS-0058,Refill Pack,Consumables,Hong Kong,Website,1,32.12,steady_repeat
2024-10-06,ORD-101306,CUS-0086,Everyday Set,Core,Hong Kong,Website,4,480.38,steady_repeat
2024-10-06,ORD-101349,CUS-0089,Everyday Set,Core,International,Website,1,92.84,steady_repeat
2024-10-06,ORD-102340,CUS-0230,Starter Kit,Starter,Kowloon,Marketplace,2,136.15,lapsed_high_value
2024-10-07,ORD-102431,CUS-0237,Refill Pack,Consumables,International,Marketplace,1,40.08,lapsed_high_value
2024-10-08,ORD-100144,CUS-0009,Everyday Set,Core,New Territories,Marketplace,3,363.0,frequent_recent
2024-10-08,ORD-100627,CUS-0037,Premium Set,Premium,New Territories,Marketplace,3,1038.29,frequent_recent
2024-10-08,ORD-100932,CUS-0056,Premium Set,Premium,Hong Kong,Website,1,167.72,steady_repeat
2024-10-08,ORD-101192,CUS-0077,Everyday Set,Core,Kowloon,Marketplace,2,205.99,steady_repeat
2024-10-08,ORD-101434,CUS-0096,Refill Pack,Consumables,Hong Kong,Website,3,98.21,steady_repeat
2024-10-08,ORD-101610,CUS-0110,Premium Set,Premium,International,Marketplace,3,543.59,steady_repeat
2024-10-08,ORD-102146,CUS-0215,Starter Kit,Starter,Hong Kong,Website,4,303.71,lapsed_high_value
2024-10-08,ORD-102487,CUS-0242,Everyday Set,Core,International,Website,3,434.38,lapsed_high_value
2024-10-09,ORD-101097,CUS-0070,Refill Pack,Consumables,Hong Kong,Marketplace,4,128.66,steady_repeat
2024-10-09,ORD-101166,CUS-0075,Premium Set,Premium,New Territories,Website,1,273.52,steady_repeat
2024-10-09,ORD-101307,CUS-0086,Everyday Set,Core,Hong Kong,Marketplace,4,411.01,steady_repeat
2024-10-09,ORD-102037,CUS-0206,Everyday Set,Core,New Territories,Mobile App,3,339.72,lapsed_high_value
2024-10-09,ORD-102131,CUS-0214,Everyday Set,Core,Hong Kong,Marketplace,3,421.21,lapsed_high_value
2024-10-09,ORD-102368,CUS-0232,Premium Set,Premium,Hong Kong,Website,1,281.97,lapsed_high_value
2024-10-09,ORD-102638,CUS-0271,Premium Set,Premium,Hong Kong,Website,4,406.94,inactive_low_value
2024-10-10,ORD-102005,CUS-0203,Everyday Set,Core,Hong Kong,Website,3,290.87,lapsed_high_value
2024-10-10,ORD-102225,CUS-0221,Refill Pack,Consumables,New Territories,Mobile App,1,36.37,lapsed_high_value
2024-10-11,ORD-102158,CUS-0216,Refill Pack,Consumables,Kowloon,Website,1,32.65,lapsed_high_value
2024-10-11,ORD-102543,CUS-0246,Everyday Set,Core,International,Marketplace,1,113.5,lapsed_high_value
2024-10-11,ORD-102558,CUS-0247,Refill Pack,Consumables,New Territories,Marketplace,1,45.41,lapsed_high_value
2024-10-12,ORD-100088,CUS-0006,Refill Pack,Consumables,Hong Kong,Website,1,50.24,frequent_recent
2024-10-12,ORD-100933,CUS-0056,Refill Pack,Consumables,Hong Kong,Website,4,137.21,steady_repeat
2024-10-12,ORD-100944,CUS-0057,Starter Kit,Starter,Hong Kong,Website,1,64.34,steady_repeat
2024-10-12,ORD-102183,CUS-0218,Everyday Set,Core,Hong Kong,Marketplace,2,321.58,lapsed_high_value
2024-10-13,ORD-100048,CUS-0004,Refill Pack,Consumables,International,Marketplace,1,60.42,frequent_recent
2024-10-13,ORD-100894,CUS-0053,Everyday Set,Core,New Territories,Mobile App,2,203.69,steady_repeat
2024-10-13,ORD-101495,CUS-0101,Refill Pack,Consumables,Kowloon,Marketplace,2,83.65,steady_repeat
2024-10-13,ORD-101545,CUS-0105,Everyday Set,Core,Kowloon,Website,4,366.19,steady_repeat
2024-10-13,ORD-102665,CUS-0284,Everyday Set,Core,Kowloon,Website,4,180.78,inactive_low_value
2024-10-13,RET-102341,CUS-0230,Starter Kit,Starter,Kowloon,Return,-1,-68.08,lapsed_high_value
2024-10-14,ORD-100049,CUS-0004,Refill Pack,Consumables,International,Mobile App,2,94.02,frequent_recent
2024-10-14,ORD-100448,CUS-0027,Starter Kit,Starter,Kowloon,Website,3,291.25,frequent_recent
2024-10-14,ORD-100713,CUS-0042,Everyday Set,Core,New Territories,Website,1,118.67,frequent_recent
2024-10-14,ORD-100751,CUS-0044,Refill Pack,Consumables,Hong Kong,Website,3,131.84,frequent_recent
2024-10-14,ORD-100862,CUS-0051,Premium Set,Premium,International,Website,2,724.15,frequent_recent
2024-10-14,ORD-102627,CUS-0266,Everyday Set,Core,Hong Kong,Marketplace,2,155.38,inactive_low_value
2024-10-15,ORD-101112,CUS-0071,Everyday Set,Core,Kowloon,Mobile App,1,103.05,steady_repeat
2024-10-15,ORD-101308,CUS-0086,Everyday Set,Core,Hong Kong,Website,4,385.89,steady_repeat
2024-10-15,ORD-102226,CUS-0221,Premium Set,Premium,New Territories,Website,4,979.33,lapsed_high_value
2024-10-16,ORD-101098,CUS-0070,Everyday Set,Core,Hong Kong,Marketplace,2,173.1,steady_repeat
2024-10-16,ORD-102331,CUS-0229,Refill Pack,Consumables,New Territories,Mobile App,2,91.08,lapsed_high_value
2024-10-17,ORD-102887,CUS-0329,Starter Kit,Starter,Kowloon,Website,3,116.29,cooling
2024-10-18,ORD-100019,CUS-0002,Refill Pack,Consumables,Hong Kong,Website,2,136.97,frequent_recent
2024-10-18,ORD-101533,CUS-0104,Premium Set,Premium,Hong Kong,Website,3,487.81,steady_repeat
2024-10-18,ORD-101571,CUS-0107,Refill Pack,Consumables,Hong Kong,Marketplace,1,38.94,steady_repeat
2024-10-18,ORD-101572,CUS-0107,Refill Pack,Consumables,Hong Kong,Marketplace,3,106.72,steady_repeat
2024-10-19,ORD-100217,CUS-0013,Everyday Set,Core,Hong Kong,Marketplace,3,388.77,frequent_recent
2024-10-19,ORD-101113,CUS-0071,Everyday Set,Core,Kowloon,Website,2,242.68,steady_repeat
2024-10-19,ORD-101139,CUS-0073,Starter Kit,Starter,Hong Kong,Website,4,160.48,steady_repeat
2024-10-20,ORD-100482,CUS-0029,Premium Set,Premium,Hong Kong,Mobile App,4,1012.47,frequent_recent
2024-10-20,ORD-100500,CUS-0030,Refill Pack,Consumables,Hong Kong,Website,2,84.58,frequent_recent
2024-10-20,ORD-100863,CUS-0051,Everyday Set,Core,International,Marketplace,2,348.07,frequent_recent
2024-10-20,ORD-101207,CUS-0078,Refill Pack,Consumables,Hong Kong,Website,2,81.78,steady_repeat
2024-10-20,ORD-101450,CUS-0097,Refill Pack,Consumables,New Territories,Website,4,127.98,steady_repeat
2024-10-20,ORD-102277,CUS-0225,Starter Kit,Starter,Hong Kong,Website,2,146.42,lapsed_high_value
2024-10-20,ORD-102624,CUS-0265,Refill Pack,Consumables,New Territories,Marketplace,2,30.7,inactive_low_value
2024-10-21,ORD-100375,CUS-0023,Refill Pack,Consumables,Hong Kong,Website,4,193.98,frequent_recent
2024-10-21,ORD-101027,CUS-0064,Refill Pack,Consumables,Hong Kong,Marketplace,4,148.69,steady_repeat
2024-10-21,ORD-101087,CUS-0069,Everyday Set,Core,Kowloon,Marketplace,2,243.8,steady_repeat
2024-10-21,ORD-102528,CUS-0245,Everyday Set,Core,International,Website,3,522.25,lapsed_high_value
2024-10-22,ORD-100628,CUS-0037,Premium Set,Premium,New Territories,Marketplace,2,602.35,frequent_recent
2024-10-22,ORD-100959,CUS-0058,Everyday Set,Core,Hong Kong,Marketplace,2,198.65,steady_repeat
2024-10-22,ORD-101114,CUS-0071,Premium Set,Premium,Kowloon,Website,1,226.94,steady_repeat
2024-10-22,ORD-101375,CUS-0091,Refill Pack,Consumables,New Territories,Mobile App,3,100.74,steady_repeat
2024-10-22,ORD-102369,CUS-0232,Premium Set,Premium,Hong Kong,Marketplace,3,882.77,lapsed_high_value
2024-10-23,ORD-100145,CUS-0009,Starter Kit,Starter,New Territories,Website,2,121.5,frequent_recent
2024-10-23,ORD-101154,CUS-0074,Everyday Set,Core,Hong Kong,Marketplace,2,184.44,steady_repeat
2024-10-23,ORD-101435,CUS-0096,Starter Kit,Starter,Hong Kong,Marketplace,1,51.88,steady_repeat
2024-10-23,ORD-101506,CUS-0102,Everyday Set,Core,Kowloon,Marketplace,2,220.16,steady_repeat
2024-10-24,ORD-100519,CUS-0031,Starter Kit,Starter,New Territories,Website,1,60.36,frequent_recent
2024-10-24,ORD-100895,CUS-0053,Everyday Set,Core,New Territories,Website,1,109.77,steady_repeat
2024-10-24,ORD-101436,CUS-0096,Everyday Set,Core,Hong Kong,Mobile App,1,108.56,steady_repeat
2024-10-24,ORD-102300,CUS-0227,Everyday Set,Core,Kowloon,Mobile App,3,378.88,lapsed_high_value
2024-10-24,ORD-102317,CUS-0228,Premium Set,Premium,New Territories,Marketplace,2,502.39,lapsed_high_value
2024-10-24,ORD-102358,CUS-0231,Starter Kit,Starter,New Territories,Website,2,124.74,lapsed_high_value
2024-10-25,ORD-100089,CUS-0006,Refill Pack,Consumables,Hong Kong,Marketplace,2,122.98,frequent_recent
2024-10-25,ORD-100971,CUS-0059,Premium Set,Premium,Hong Kong,Mobile App,1,155.17,steady_repeat
2024-10-25,ORD-100982,CUS-0060,Refill Pack,Consumables,Kowloon,Website,4,141.33,steady_repeat
2024-10-25,ORD-101573,CUS-0107,Starter Kit,Starter,Hong Kong,Marketplace,2,98.36,steady_repeat
2024-10-26,ORD-100179,CUS-0011,Everyday Set,Core,New Territories,Website,2,338.21,frequent_recent
2024-10-26,ORD-100376,CUS-0023,Refill Pack,Consumables,Hong Kong,Website,4,207.2,frequent_recent
2024-10-26,ORD-100483,CUS-0029,Everyday Set,Core,Hong Kong,Marketplace,4,443.22,frequent_recent
2024-10-26,ORD-101403,CUS-0093,Everyday Set,Core,Kowloon,Marketplace,3,248.83,steady_repeat
2024-10-26,ORD-101475,CUS-0099,Refill Pack,Consumables,New Territories,Website,4,142.63,steady_repeat
2024-10-26,ORD-102125,CUS-0213,Everyday Set,Core,International,Website,4,430.03,lapsed_high_value
2024-10-27,ORD-100428,CUS-0026,Everyday Set,Core,Hong Kong,Website,1,119.33,frequent_recent
2024-10-27,ORD-101051,CUS-0066,Everyday Set,Core,New Territories,Marketplace,2,238.81,steady_repeat
2024-10-27,ORD-101073,CUS-0068,Everyday Set,Core,Kowloon,Mobile App,1,92.09,steady_repeat
2024-10-27,ORD-101193,CUS-0077,Everyday Set,Core,Kowloon,Marketplace,3,324.39,steady_repeat
2024-10-27,ORD-101234,CUS-0080,Premium Set,Premium,New Territories,Marketplace,2,322.55,steady_repeat
2024-10-27,ORD-101350,CUS-0089,Starter Kit,Starter,International,Marketplace,2,129.88,steady_repeat
2024-10-27,ORD-102418,CUS-0236,Starter Kit,Starter,New Territories,Website,1,76.57,lapsed_high_value
2024-10-27,ORD-102513,CUS-0244,Starter Kit,Starter,Kowloon,Website,4,326.28,lapsed_high_value
2024-10-27,ORD-102660,CUS-0280,Starter Kit,Starter,New Territories,Website,1,35.02,inactive_low_value
2024-10-28,ORD-100244,CUS-0015,Refill Pack,Consumables,Kowloon,Website,2,82.32,frequent_recent
2024-10-28,ORD-100501,CUS-0030,Starter Kit,Starter,Hong Kong,Marketplace,2,100.55,frequent_recent
2024-10-28,ORD-100572,CUS-0034,Refill Pack,Consumables,International,Website,3,102.81,frequent_recent
2024-10-28,ORD-100802,CUS-0047,Starter Kit,Starter,Kowloon,Website,3,229.67,frequent_recent
2024-10-28,ORD-100972,CUS-0059,Refill Pack,Consumables,Hong Kong,Mobile App,1,32.31,steady_repeat
2024-10-28,RET-102529,CUS-0245,Everyday Set,Core,International,Return,-1,-174.08,lapsed_high_value
2024-10-29,ORD-102063,CUS-0208,Starter Kit,Starter,New Territories,Marketplace,2,132.39,lapsed_high_value
2024-10-30,ORD-100339,CUS-0021,Everyday Set,Core,Hong Kong,Marketplace,3,544.63,frequent_recent
2024-10-30,ORD-100677,CUS-0040,Starter Kit,Starter,Kowloon,Website,2,143.76,frequent_recent
2024-10-30,ORD-102859,CUS-0325,Starter Kit,Starter,Hong Kong,Website,1,30.32,cooling
2024-10-31,ORD-100146,CUS-0009,Refill Pack,Consumables,New Territories,Mobile App,1,41.69,frequent_recent
2024-10-31,ORD-100197,CUS-0012,Refill Pack,Consumables,New Territories,Website,3,189.11,frequent_recent
2024-10-31,ORD-100429,CUS-0026,Premium Set,Premium,Hong Kong,Mobile App,1,264.89,frequent_recent
2024-10-31,ORD-100769,CUS-0045,Starter Kit,Starter,Kowloon,Website,2,140.61,frequent_recent
2024-10-31,ORD-100910,CUS-0054,Refill Pack,Consumables,Kowloon,Website,4,128.46,steady_repeat
2024-10-31,ORD-101413,CUS-0094,Starter Kit,Starter,Kowloon,Website,3,166.32,steady_repeat
2024-10-31,ORD-101507,CUS-0102,Everyday Set,Core,Kowloon,Marketplace,4,350.9,steady_repeat
2024-10-31,ORD-101990,CUS-0202,Everyday Set,Core,Hong Kong,Marketplace,4,514.18,lapsed_high_value
2024-10-31,ORD-102488,CUS-0242,Refill Pack,Consumables,International,Website,1,42.3,lapsed_high_value
2024-11-01,ORD-100609,CUS-0036,Everyday Set,Core,Hong Kong,Mobile App,3,503.23,frequent_recent
2024-11-01,ORD-100732,CUS-0043,Starter Kit,Starter,Kowloon,Website,3,220.16,frequent_recent
2024-11-01,ORD-101040,CUS-0065,Refill Pack,Consumables,Kowloon,Website,4,158.1,steady_repeat
2024-11-01,ORD-102094,CUS-0211,Starter Kit,Starter,New Territories,Website,1,61.34,lapsed_high_value
2024-11-02,ORD-100641,CUS-0038,Starter Kit,Starter,New Territories,Website,2,191.69,frequent_recent
2024-11-02,ORD-100678,CUS-0040,Premium Set,Premium,Kowloon,Mobile App,1,296.39,frequent_recent
2024-11-02,ORD-100819,CUS-0048,Starter Kit,Starter,International,Website,1,93.66,frequent_recent
2024-11-02,ORD-102184,CUS-0218,Starter Kit,Starter,Hong Kong,Marketplace,4,314.32,lapsed_high_value
2024-11-02,RET-102126,CUS-0213,Everyday Set,Core,International,Return,-1,-107.51,lapsed_high_value
2024-11-03,ORD-100162,CUS-0010,Premium Set,Premium,Kowloon,Marketplace,1,362.93,frequent_recent
2024-11-03,ORD-100198,CUS-0012,Starter Kit,Starter,New Territories,Marketplace,1,99.63,frequent_recent
2024-11-04,ORD-100537,CUS-0032,Starter Kit,Starter,Kowloon,Marketplace,1,72.6,frequent_recent
2024-11-04,ORD-101155,CUS-0074,Refill Pack,Consumables,Hong Kong,Marketplace,3,93.88,steady_repeat
2024-11-04,ORD-102301,CUS-0227,Everyday Set,Core,Kowloon,Mobile App,1,120.31,lapsed_high_value
2024-11-04,ORD-102869,CUS-0326,Starter Kit,Starter,New Territories,Mobile App,4,155.46,cooling
2024-11-05,ORD-100109,CUS-0007,Refill Pack,Consumables,New Territories,Mobile App,2,89.18,frequent_recent
2024-11-05,ORD-100341,CUS-0021,Premium Set,Premium,Hong Kong,Website,1,321.66,frequent_recent
2024-11-05,ORD-100449,CUS-0027,Starter Kit,Starter,Kowloon,Mobile App,4,341.51,frequent_recent
2024-11-05,ORD-100803,CUS-0047,Everyday Set,Core,Kowloon,Marketplace,4,416.12,frequent_recent
2024-11-05,ORD-100991,CUS-0061,Everyday Set,Core,Kowloon,Mobile App,4,409.7,steady_repeat
2024-11-06,ORD-100820,CUS-0048,Starter Kit,Starter,International,Marketplace,2,143.66,frequent_recent
2024-11-06,ORD-101980,CUS-0201,Starter Kit,Starter,Kowloon,Website,1,83.95,lapsed_high_value
2024-11-06,RET-100340,CUS-0021,Everyday Set,Core,Hong Kong,Return,-1,-181.54,frequent_recent
2024-11-07,ORD-100020,CUS-0002,Starter Kit,Starter,Hong Kong,Mobile App,1,80.96,frequent_recent
2024-11-07,ORD-100430,CUS-0026,Refill Pack,Consumables,Hong Kong,Website,3,144.28,frequent_recent
2024-11-07,ORD-100911,CUS-0054,Refill Pack,Consumables,Kowloon,Website,1,37.02,steady_repeat
2024-11-07,ORD-101074,CUS-0068,Refill Pack,Consumables,Kowloon,Mobile App,1,39.85,steady_repeat
2024-11-08,ORD-100033,CUS-0003,Refill Pack,Consumables,New Territories,Mobile App,1,38.15,frequent_recent
2024-11-08,ORD-100660,CUS-0039,Everyday Set,Core,Hong Kong,Website,1,146.71,frequent_recent
2024-11-08,ORD-100992,CUS-0061,Everyday Set,Core,Kowloon,Website,1,97.42,steady_repeat
2024-11-08,ORD-101423,CUS-0095,Everyday Set,Core,Hong Kong,Website,3,336.25,steady_repeat
2024-11-08,ORD-102544,CUS-0246,Everyday Set,Core,International,Website,1,101.19,lapsed_high_value
2024-11-09,ORD-100588,CUS-0035,Everyday Set,Core,Hong Kong,Mobile App,1,187.75,frequent_recent
2024-11-09,ORD-100752,CUS-0044,Starter Kit,Starter,Hong Kong,Mobile App,1,62.59,frequent_recent
2024-11-09,ORD-102419,CUS-0236,Refill Pack,Consumables,New Territories,Website,2,95.15,lapsed_high_value
2024-11-09,ORD-102545,CUS-0246,Refill Pack,Consumables,International,Website,4,133.07,lapsed_high_value
2024-11-10,ORD-100180,CUS-0011,Everyday Set,Core,New Territories,Website,4,705.02,frequent_recent
2024-11-10,ORD-100300,CUS-0019,Everyday Set,Core,Kowloon,Mobile App,1,168.97,frequent_recent
2024-11-10,ORD-100573,CUS-0034,Premium Set,Premium,International,Website,1,263.49,frequent_recent
2024-11-10,ORD-102591,CUS-0250,Starter Kit,Starter,New Territories,Marketplace,3,225.43,lapsed_high_value
2024-11-10,ORD-102828,CUS-0320,Everyday Set,Core,Hong Kong,Website,2,191.5,cooling
2024-11-11,ORD-100450,CUS-0027,Refill Pack,Consumables,Kowloon,Mobile App,1,57.75,frequent_recent
2024-11-11,ORD-100538,CUS-0032,Refill Pack,Consumables,Kowloon,Website,4,188.41,frequent_recent
2024-11-11,ORD-100661,CUS-0039,Starter Kit,Starter,Hong Kong,Website,4,308.41,frequent_recent
2024-11-11,ORD-101099,CUS-0070,Everyday Set,Core,Hong Kong,Website,1,97.55,steady_repeat
2024-11-11,ORD-101208,CUS-0078,Starter Kit,Starter,Hong Kong,Website,1,65.65,steady_repeat
2024-11-11,ORD-101519,CUS-0103,Starter Kit,Starter,Kowloon,Website,2,87.34,steady_repeat
2024-11-11,ORD-101611,CUS-0110,Starter Kit,Starter,International,Website,2,82.72,steady_repeat
2024-11-11,ORD-102038,CUS-0206,Refill Pack,Consumables,New Territories,Website,4,177.33,lapsed_high_value
2024-11-11,ORD-102592,CUS-0250,Refill Pack,Consumables,New Territories,Website,4,162.62,lapsed_high_value
2024-11-11,ORD-102775,CUS-0310,Refill Pack,Consumables,New Territories,Website,1,18.58,cooling
2024-11-12,ORD-100199,CUS-0012,Starter Kit,Starter,New Territories,Mobile App,1,97.42,frequent_recent
2024-11-12,ORD-101002,CUS-0062,Everyday Set,Core,Kowloon,Marketplace,2,175.49,steady_repeat
2024-11-12,ORD-101319,CUS-0087,Everyday Set,Core,Hong Kong,Mobile App,2,168.45,steady_repeat
2024-11-12,ORD-102095,CUS-0211,Starter Kit,Starter,New Territories,Website,4,256.49,lapsed_high_value
2024-11-12,ORD-102127,CUS-0213,Everyday Set,Core,International,Website,1,112.5,lapsed_high_value
2024-11-12,RET-100342,CUS-0021,Premium Set,Premium,Hong Kong,Return,-1,-321.66,frequent_recent
2024-11-13,ORD-100733,CUS-0043,Everyday Set,Core,Kowloon,Website,4,478.8,frequent_recent
2024-11-13,ORD-100783,CUS-0046,Everyday Set,Core,International,Website,4,542.18,frequent_recent
2024-11-13,ORD-100919,CUS-0055,Premium Set,Premium,International,Marketplace,3,658.38,steady_repeat
2024-11-13,ORD-101061,CUS-0067,Starter Kit,Starter,Kowloon,Website,1,55.51,steady_repeat
2024-11-13,ORD-102201,CUS-0219,Refill Pack,Consumables,New Territories,Marketplace,4,173.53,lapsed_high_value
2024-11-13,ORD-102251,CUS-0223,Refill Pack,Consumables,New Territories,Website,3,122.18,lapsed_high_value
2024-11-13,ORD-102820,CUS-0318,Everyday Set,Core,Hong Kong,Website,2,171.54,cooling
2024-11-14,ORD-100301,CUS-0019,Starter Kit,Starter,Kowloon,Marketplace,3,228.64,frequent_recent
2024-11-14,ORD-101003,CUS-0062,Refill Pack,Consumables,Kowloon,Website,4,122.24,steady_repeat
2024-11-14,ORD-101062,CUS-0067,Everyday Set,Core,Kowloon,Website,3,316.35,steady_repeat
2024-11-14,ORD-101598,CUS-0109,Refill Pack,Consumables,Hong Kong,Website,1,42.76,steady_repeat
2024-11-14,ORD-102030,CUS-0205,Everyday Set,Core,International,Website,1,158.96,lapsed_high_value
2024-11-14,ORD-102720,CUS-0301,Premium Set,Premium,Kowloon,Website,4,549.16,cooling
2024-11-15,ORD-100001,CUS-0001,Refill Pack,Consumables,Hong Kong,Marketplace,2,101.73,frequent_recent
2024-11-15,ORD-100181,CUS-0011,Refill Pack,Consumables,New Territories,Website,3,183.28,frequent_recent
2024-11-15,ORD-100697,CUS-0041,Starter Kit,Starter,Kowloon,Marketplace,3,246.76,frequent_recent
2024-11-15,ORD-101437,CUS-0096,Starter Kit,Starter,Hong Kong,Marketplace,4,190.47,steady_repeat
2024-11-15,ORD-102147,CUS-0215,Refill Pack,Consumables,Hong Kong,Marketplace,4,184.14,lapsed_high_value
2024-11-15,ORD-102266,CUS-0224,Refill Pack,Consumables,Hong Kong,Website,2,105.69,lapsed_high_value
2024-11-15,ORD-102625,CUS-0265,Everyday Set,Core,New Territories,Marketplace,4,196.66,inactive_low_value
2024-11-16,ORD-100431,CUS-0026,Starter Kit,Starter,Hong Kong,Marketplace,2,117.35,frequent_recent
2024-11-16,ORD-100484,CUS-0029,Refill Pack,Consumables,Hong Kong,Website,2,90.37,frequent_recent
2024-11-16,ORD-101140,CUS-0073,Starter Kit,Starter,Hong Kong,Marketplace,2,102.0,steady_repeat
2024-11-16,ORD-102879,CUS-0328,Everyday Set,Core,Kowloon,Website,1,79.33,cooling
2024-11-17,ORD-100021,CUS-0002,Everyday Set,Core,Hong Kong,Marketplace,1,188.27,frequent_recent
2024-11-17,ORD-100432,CUS-0026,Refill Pack,Consumables,Hong Kong,Website,1,43.12,frequent_recent
2024-11-17,ORD-100539,CUS-0032,Everyday Set,Core,Kowloon,Mobile App,4,582.53,frequent_recent
2024-11-17,ORD-100679,CUS-0040,Refill Pack,Consumables,Kowloon,Marketplace,2,93.15,frequent_recent
2024-11-17,ORD-101391,CUS-0092,Starter Kit,Starter,International,Website,1,54.24,steady_repeat
2024-11-17,ORD-101534,CUS-0104,Everyday Set,Core,Hong Kong,Website,1,87.38,steady_repeat
2024-11-18,ORD-100392,CUS-0024,Refill Pack,Consumables,Hong Kong,Website,4,198.98,frequent_recent
2024-11-18,ORD-102267,CUS-0224,Everyday Set,Core,Hong Kong,Website,3,463.3,lapsed_high_value
2024-11-18,ORD-102396,CUS-0234,Refill Pack,Consumables,New Territories,Mobile App,4,145.76,lapsed_high_value
2024-11-19,ORD-100662,CUS-0039,Refill Pack,Consumables,Hong Kong,Website,2,115.9,frequent_recent
2024-11-19,ORD-102014,CUS-0204,Everyday Set,Core,Kowloon,Website,3,301.34,lapsed_high_value
2024-11-19,RET-100200,CUS-0012,Starter Kit,Starter,New Territories,Return,-1,-97.42,frequent_recent
2024-11-19,RET-101320,CUS-0087,Everyday Set,Core,Hong Kong,Return,-1,-84.22,steady_repeat
2024-11-20,ORD-100245,CUS-0015,Everyday Set,Core,Kowloon,Marketplace,2,237.77,frequent_recent
2024-11-20,ORD-101063,CUS-0067,Starter Kit,Starter,Kowloon,Mobile App,1,55.04,steady_repeat
2024-11-20,ORD-101181,CUS-0076,Refill Pack,Consumables,International,Marketplace,1,28.99,steady_repeat
2024-11-20,ORD-101294,CUS-0085,Starter Kit,Starter,Hong Kong,Mobile App,4,163.17,steady_repeat
2024-11-20,ORD-101376,CUS-0091,Everyday Set,Core,New Territories,Mobile App,2,235.1,steady_repeat
2024-11-20,ORD-102489,CUS-0242,Starter Kit,Starter,International,Mobile App,1,72.79,lapsed_high_value
2024-11-20,RET-100734,CUS-0043,Everyday Set,Core,Kowloon,Return,-1,-119.7,frequent_recent
2024-11-21,ORD-100246,CUS-0015,Everyday Set,Core,Kowloon,Website,3,413.24,frequent_recent
2024-11-21,ORD-101004,CUS-0062,Starter Kit,Starter,Kowloon,Website,1,45.12,steady_repeat
2024-11-21,ORD-102318,CUS-0228,Starter Kit,Starter,New Territories,Marketplace,4,306.24,lapsed_high_value
2024-11-21,ORD-102630,CUS-0267,Premium Set,Premium,New Territories,Website,3,378.53,inactive_low_value
2024-11-22,ORD-100256,CUS-0016,Premium Set,Premium,New Territories,Marketplace,2,600.57,frequent_recent
2024-11-22,ORD-100735,CUS-0043,Starter Kit,Starter,Kowloon,Mobile App,4,271.37,frequent_recent
2024-11-22,ORD-100784,CUS-0046,Everyday Set,Core,International,Marketplace,3,425.06,frequent_recent
2024-11-22,ORD-101209,CUS-0078,Refill Pack,Consumables,Hong Kong,Marketplace,2,83.74,steady_repeat
2024-11-22,ORD-101272,CUS-0083,Starter Kit,Starter,New Territories,Website,4,217.2,steady_repeat
2024-11-22,ORD-102501,CUS-0243,Starter Kit,Starter,Kowloon,Marketplace,2,162.93,lapsed_high_value
2024-11-22,ORD-102788,CUS-0312,Everyday Set,Core,Hong Kong,Website,1,67.3,cooling
2024-11-22,ORD-102829,CUS-0320,Refill Pack,Consumables,Hong Kong,Marketplace,3,88.46,cooling
2024-11-22,RET-100698,CUS-0041,Starter Kit,Starter,Kowloon,Return,-1,-82.25,frequent_recent
2024-11-23,ORD-101461,CUS-0098,Everyday Set,Core,New Territories,Mobile App,3,318.59,steady_repeat
2024-11-23,ORD-102104,CUS-0212,Premium Set,Premium,Kowloon,Website,3,840.66,lapsed_high_value
2024-11-23,ORD-102342,CUS-0230,Everyday Set,Core,Kowloon,Website,2,288.97,lapsed_high_value
2024-11-23,ORD-102461,CUS-0240,Everyday Set,Core,Kowloon,Marketplace,4,633.6,lapsed_high_value
2024-11-24,ORD-100540,CUS-0032,Premium Set,Premium,Kowloon,Website,4,1230.54,frequent_recent
2024-11-24,ORD-100920,CUS-0055,Starter Kit,Starter,International,Website,4,218.11,steady_repeat
2024-11-24,ORD-102370,CUS-0232,Premium Set,Premium,Hong Kong,Mobile App,3,865.82,lapsed_high_value
2024-11-24,ORD-102749,CUS-0306,Starter Kit,Starter,New Territories,Mobile App,1,46.76,cooling
2024-11-25,ORD-100433,CUS-0026,Everyday Set,Core,Hong Kong,Website,2,234.65,frequent_recent
2024-11-25,ORD-101351,CUS-0089,Refill Pack,Consumables,International,Website,1,33.82,steady_repeat
2024-11-26,ORD-101075,CUS-0068,Refill Pack,Consumables,Kowloon,Website,3,109.37,steady_repeat
2024-11-26,ORD-101363,CUS-0090,Everyday Set,Core,New Territories,Marketplace,4,393.23,steady_repeat
2024-11-27,ORD-100163,CUS-0010,Everyday Set,Core,Kowloon,Mobile App,3,574.7,frequent_recent
2024-11-27,ORD-100520,CUS-0031,Refill Pack,Consumables,New Territories,Website,4,155.39,frequent_recent
2024-11-27,ORD-100541,CUS-0032,Refill Pack,Consumables,Kowloon,Website,3,137.03,frequent_recent
2024-11-27,ORD-100934,CUS-0056,Premium Set,Premium,Hong Kong,Website,2,420.75,steady_repeat
2024-11-27,RET-101182,CUS-0076,Refill Pack,Consumables,International,Return,-1,-28.99,steady_repeat
2024-11-28,ORD-100973,CUS-0059,Everyday Set,Core,Hong Kong,Website,2,198.69,steady_repeat
2024-11-28,ORD-101462,CUS-0098,Everyday Set,Core,New Territories,Marketplace,1,111.42,steady_repeat
2024-11-28,ORD-102278,CUS-0225,Everyday Set,Core,Hong Kong,Marketplace,2,246.75,lapsed_high_value
2024-11-28,ORD-102452,CUS-0239,Everyday Set,Core,Hong Kong,Marketplace,4,736.76,lapsed_high_value
2024-11-28,ORD-102766,CUS-0309,Everyday Set,Core,Hong Kong,Website,2,202.86,cooling
2024-11-29,ORD-100182,CUS-0011,Refill Pack,Consumables,New Territories,Marketplace,3,169.83,frequent_recent
2024-11-29,ORD-100461,CUS-0028,Refill Pack,Consumables,Kowloon,Marketplace,2,95.84,frequent_recent
2024-11-29,ORD-100610,CUS-0036,Refill Pack,Consumables,Hong Kong,Website,2,113.83,frequent_recent
2024-11-29,ORD-100785,CUS-0046,Starter Kit,Starter,International,Website,3,216.73,frequent_recent
2024-11-29,ORD-100912,CUS-0054,Refill Pack,Consumables,Kowloon,Marketplace,3,128.36,steady_repeat
2024-11-29,ORD-101219,CUS-0079,Everyday Set,Core,New Territories,Website,4,401.66,steady_repeat
2024-11-29,ORD-101249,CUS-0081,Premium Set,Premium,Kowloon,Marketplace,1,198.83,steady_repeat
2024-11-29,ORD-102442,CUS-0238,Starter Kit,Starter,New Territories,Mobile App,1,54.63,lapsed_high_value
2024-11-30,ORD-100090,CUS-0006,Starter Kit,Starter,Hong Kong,Marketplace,3,248.22,frequent_recent
2024-11-30,ORD-100287,CUS-0018,Starter Kit,Starter,International,Website,4,337.5,frequent_recent
2024-11-30,ORD-101028,CUS-0064,Starter Kit,Starter,Hong Kong,Website,4,203.37,steady_repeat
2024-11-30,ORD-101414,CUS-0094,Everyday Set,Core,Kowloon,Website,2,241.91,steady_repeat
2024-11-30,ORD-101546,CUS-0105,Everyday Set,Core,Kowloon,Website,1,85.72,steady_repeat
2024-11-30,ORD-101574,CUS-0107,Starter Kit,Starter,Hong Kong,Marketplace,4,223.87,steady_repeat
2024-11-30,ORD-102252,CUS-0223,Premium Set,Premium,New Territories,Website,2,424.81,lapsed_high_value
2024-12-01,ORD-100714,CUS-0042,Premium Set,Premium,New Territories,Website,4,1107.03,frequent_recent
2024-12-01,ORD-100974,CUS-0059,Everyday Set,Core,Hong Kong,Website,4,353.51,steady_repeat
2024-12-01,ORD-101088,CUS-0069,Everyday Set,Core,Kowloon,Mobile App,1,128.96,steady_repeat
2024-12-01,ORD-101141,CUS-0073,Starter Kit,Starter,Hong Kong,Mobile App,3,115.18,steady_repeat
2024-12-01,ORD-101220,CUS-0079,Everyday Set,Core,New Territories,Website,2,158.12,steady_repeat
2024-12-01,ORD-101352,CUS-0089,Premium Set,Premium,International,Mobile App,3,770.01,steady_repeat
2024-12-01,ORD-101484,CUS-0100,Starter Kit,Starter,New Territories,Website,4,176.58,steady_repeat
2024-12-01,ORD-102039,CUS-0206,Everyday Set,Core,New Territories,Marketplace,1,134.2,lapsed_high_value
2024-12-01,ORD-102202,CUS-0219,Everyday Set,Core,New Territories,Website,3,347.54,lapsed_high_value
2024-12-01,ORD-102546,CUS-0246,Refill Pack,Consumables,International,Marketplace,3,97.94,lapsed_high_value
2024-12-02,ORD-100753,CUS-0044,Starter Kit,Starter,Hong Kong,Website,1,69.91,frequent_recent
2024-12-02,ORD-100864,CUS-0051,Everyday Set,Core,International,Website,2,329.6,frequent_recent
2024-12-02,ORD-102851,CUS-0324,Starter Kit,Starter,Kowloon,Website,1,36.91,cooling
2024-12-03,ORD-100147,CUS-0009,Premium Set,Premium,New Territories,Marketplace,1,267.19,frequent_recent
2024-12-03,ORD-100770,CUS-0045,Starter Kit,Starter,Kowloon,Mobile App,2,152.72,frequent_recent
2024-12-03,ORD-101041,CUS-0065,Everyday Set,Core,Kowloon,Website,3,329.98,steady_repeat
2024-12-03,ORD-101283,CUS-0084,Everyday Set,Core,Hong Kong,Website,3,288.9,steady_repeat
2024-12-03,ORD-102233,CUS-0222,Everyday Set,Core,Hong Kong,Website,1,112.6,lapsed_high_value
2024-12-03,ORD-102409,CUS-0235,Refill Pack,Consumables,New Territories,Mobile App,4,184.43,lapsed_high_value
2024-12-04,ORD-100553,CUS-0033,Refill Pack,Consumables,Hong Kong,Website,2,126.28,frequent_recent
2024-12-04,ORD-101476,CUS-0099,Everyday Set,Core,New Territories,Marketplace,3,344.21,steady_repeat
2024-12-04,ORD-102776,CUS-0310,Everyday Set,Core,New Territories,Website,2,122.89,cooling
2024-12-05,ORD-100318,CUS-0020,Refill Pack,Consumables,New Territories,Website,1,58.42,frequent_recent
2024-12-05,ORD-101334,CUS-0088,Premium Set,Premium,Kowloon,Mobile App,2,433.79,steady_repeat
2024-12-06,ORD-100849,CUS-0050,Everyday Set,Core,Hong Kong,Mobile App,2,317.69,frequent_recent
2024-12-06,ORD-101508,CUS-0102,Premium Set,Premium,Kowloon,Website,1,191.23,steady_repeat
2024-12-06,ORD-102302,CUS-0227,Everyday Set,Core,Kowloon,Website,4,494.85,lapsed_high_value
2024-12-06,ORD-102462,CUS-0240,Everyday Set,Core,Kowloon,Website,3,448.82,lapsed_high_value
2024-12-07,ORD-100288,CUS-0018,Starter Kit,Starter,International,Website,1,83.98,frequent_recent
2024-12-07,ORD-100642,CUS-0038,Everyday Set,Core,New Territories,Website,2,349.43,frequent_recent
2024-12-07,ORD-100715,CUS-0042,Starter Kit,Starter,New Territories,Marketplace,3,224.65,frequent_recent
2024-12-07,ORD-101273,CUS-0083,Refill Pack,Consumables,New Territories,Website,2,76.34,steady_repeat
2024-12-07,ORD-102744,CUS-0305,Starter Kit,Starter,Hong Kong,Mobile App,2,85.02,cooling
2024-12-07,ORD-102782,CUS-0311,Premium Set,Premium,Hong Kong,Marketplace,2,276.34,cooling
2024-12-07,ORD-102860,CUS-0325,Refill Pack,Consumables,Hong Kong,Website,3,79.0,cooling
2024-12-07,RET-100091,CUS-0006,Starter Kit,Starter,Hong Kong,Return,-1,-82.74,frequent_recent
2024-12-08,ORD-100269,CUS-0017,Starter Kit,Starter,Kowloon,Marketplace,2,169.66,frequent_recent
2024-12-08,ORD-101089,CUS-0069,Starter Kit,Starter,Kowloon,Mobile App,4,275.05,steady_repeat
2024-12-08,ORD-101115,CUS-0071,Refill Pack,Consumables,Kowloon,Website,3,123.38,steady_repeat
2024-12-08,ORD-102041,CUS-0206,Everyday Set,Core,New Territories,Marketplace,2,250.11,lapsed_high_value
2024-12-08,ORD-102203,CUS-0219,Everyday Set,Core,New Territories,Marketplace,4,484.74,lapsed_high_value
2024-12-08,ORD-102214,CUS-0220,Starter Kit,Starter,Kowloon,Website,1,75.65,lapsed_high_value
2024-12-08,RET-102040,CUS-0206,Everyday Set,Core,New Territories,Return,-1,-134.2,lapsed_high_value
2024-12-09,ORD-100257,CUS-0016,Premium Set,Premium,New Territories,Website,2,464.08,frequent_recent
2024-12-09,ORD-101116,CUS-0071,Starter Kit,Starter,Kowloon,Website,3,151.63,steady_repeat
2024-12-09,ORD-102015,CUS-0204,Starter Kit,Starter,Kowloon,Website,2,118.67,lapsed_high_value
2024-12-09,ORD-102105,CUS-0212,Refill Pack,Consumables,Kowloon,Website,3,130.94,lapsed_high_value
2024-12-09,ORD-102651,CUS-0277,Everyday Set,Core,Kowloon,Website,2,92.38,inactive_low_value
2024-12-09,ORD-102682,CUS-0293,Refill Pack,Consumables,Hong Kong,Marketplace,1,19.69,inactive_low_value
2024-12-10,ORD-100110,CUS-0007,Starter Kit,Starter,New Territories,Mobile App,4,251.77,frequent_recent
2024-12-10,ORD-101261,CUS-0082,Starter Kit,Starter,Hong Kong,Marketplace,2,86.9,steady_repeat
2024-12-10,ORD-101424,CUS-0095,Everyday Set,Core,Hong Kong,Website,3,306.23,steady_repeat
2024-12-10,ORD-102383,CUS-0233,Premium Set,Premium,New Territories,Marketplace,1,324.95,lapsed_high_value
2024-12-10,ORD-102420,CUS-0236,Everyday Set,Core,New Territories,Website,4,544.21,lapsed_high_value
2024-12-10,ORD-102502,CUS-0243,Everyday Set,Core,Kowloon,Website,2,265.49,lapsed_high_value
2024-12-10,ORD-102675,CUS-0290,Everyday Set,Core,International,Marketplace,1,71.55,inactive_low_value
2024-12-11,ORD-100002,CUS-0001,Everyday Set,Core,Hong Kong,Website,3,461.1,frequent_recent
2024-12-11,ORD-100485,CUS-0029,Premium Set,Premium,Hong Kong,Website,1,208.3,frequent_recent
2024-12-11,ORD-102042,CUS-0206,Refill Pack,Consumables,New Territories,Website,3,101.87,lapsed_high_value
2024-12-11,ORD-102084,CUS-0210,Premium Set,Premium,Kowloon,Website,2,676.12,lapsed_high_value
2024-12-12,ORD-100393,CUS-0024,Everyday Set,Core,Hong Kong,Marketplace,3,364.47,frequent_recent
2024-12-12,ORD-100502,CUS-0030,Premium Set,Premium,Hong Kong,Marketplace,4,920.94,frequent_recent
2024-12-12,ORD-100542,CUS-0032,Starter Kit,Starter,Kowloon,Website,1,77.82,frequent_recent
2024-12-12,ORD-100699,CUS-0041,Everyday Set,Core,Kowloon,Mobile App,4,635.81,frequent_recent
2024-12-12,ORD-102234,CUS-0222,Starter Kit,Starter,Hong Kong,Marketplace,4,208.91,lapsed_high_value
2024-12-12,ORD-102343,CUS-0230,Starter Kit,Starter,Kowloon,Website,4,246.26,lapsed_high_value
2024-12-12,ORD-102344,CUS-0230,Everyday Set,Core,Kowloon,Marketplace,1,121.15,lapsed_high_value
2024-12-13,ORD-100319,CUS-0020,Everyday Set,Core,New Territories,Website,3,518.9,frequent_recent
2024-12-13,ORD-100754,CUS-0044,Everyday Set,Core,Hong Kong,Mobile App,2,242.16,frequent_recent
2024-12-13,ORD-101221,CUS-0079,Starter Kit,Starter,New Territories,Website,4,214.27,steady_repeat
2024-12-13,ORD-102852,CUS-0324,Premium Set,Premium,Kowloon,Marketplace,2,309.23,cooling
2024-12-14,ORD-100407,CUS-0025,Everyday Set,Core,New Territories,Website,2,259.1,frequent_recent
2024-12-14,ORD-100434,CUS-0026,Refill Pack,Consumables,Hong Kong,Website,1,40.45,frequent_recent
2024-12-14,ORD-100755,CUS-0044,Refill Pack,Consumables,Hong Kong,Website,4,191.45,frequent_recent
2024-12-14,ORD-100945,CUS-0057,Everyday Set,Core,Hong Kong,Marketplace,2,248.7,steady_repeat
2024-12-14,ORD-101076,CUS-0068,Premium Set,Premium,Kowloon,Mobile App,1,199.43,steady_repeat
2024-12-14,ORD-101194,CUS-0077,Starter Kit,Starter,Kowloon,Mobile App,1,51.64,steady_repeat
2024-12-14,ORD-101599,CUS-0109,Refill Pack,Consumables,Hong Kong,Website,3,128.76,steady_repeat
2024-12-14,ORD-102397,CUS-0234,Refill Pack,Consumables,New Territories,Website,2,75.45,lapsed_high_value
2024-12-14,ORD-102845,CUS-0323,Starter Kit,Starter,New Territories,Website,2,91.67,cooling
2024-12-14,ORD-102888,CUS-0329,Refill Pack,Consumables,Kowloon,Website,4,114.2,cooling
2024-12-15,ORD-100201,CUS-0012,Premium Set,Premium,New Territories,Website,4,1600.07,frequent_recent
2024-12-15,ORD-100611,CUS-0036,Premium Set,Premium,Hong Kong,Mobile App,1,299.1,frequent_recent
2024-12-15,ORD-101235,CUS-0080,Starter Kit,Starter,New Territories,Mobile App,4,189.89,steady_repeat
2024-12-15,ORD-101262,CUS-0082,Everyday Set,Core,Hong Kong,Website,1,88.36,steady_repeat
2024-12-16,ORD-100164,CUS-0010,Refill Pack,Consumables,Kowloon,Website,2,139.8,frequent_recent
2024-12-16,ORD-100913,CUS-0054,Refill Pack,Consumables,Kowloon,Mobile App,3,100.08,steady_repeat
2024-12-16,ORD-102514,CUS-0244,Refill Pack,Consumables,Kowloon,Mobile App,4,240.08,lapsed_high_value
2024-12-16,ORD-102695,CUS-0297,Premium Set,Premium,Hong Kong,Marketplace,1,177.6,cooling
2024-12-17,ORD-100289,CUS-0018,Premium Set,Premium,International,Marketplace,3,961.2,frequent_recent
2024-12-17,ORD-100804,CUS-0047,Refill Pack,Consumables,Kowloon,Website,2,84.85,frequent_recent
2024-12-17,ORD-100821,CUS-0048,Refill Pack,Consumables,International,Marketplace,4,215.87,frequent_recent
2024-12-17,ORD-101130,CUS-0072,Everyday Set,Core,Hong Kong,Mobile App,3,352.23,steady_repeat
2024-12-17,ORD-101377,CUS-0091,Starter Kit,Starter,New Territories,Mobile App,1,56.36,steady_repeat
2024-12-17,ORD-101575,CUS-0107,Starter Kit,Starter,Hong Kong,Website,4,216.12,steady_repeat
2024-12-17,ORD-102279,CUS-0225,Refill Pack,Consumables,Hong Kong,Marketplace,4,158.14,lapsed_high_value
2024-12-17,ORD-102345,CUS-0230,Refill Pack,Consumables,Kowloon,Website,1,37.13,lapsed_high_value
2024-12-17,ORD-102889,CUS-0329,Everyday Set,Core,Kowloon,Website,2,167.79,cooling
2024-12-18,ORD-100111,CUS-0007,Starter Kit,Starter,New Territories,Website,3,174.56,frequent_recent
2024-12-18,ORD-100486,CUS-0029,Refill Pack,Consumables,Hong Kong,Marketplace,2,88.6,frequent_recent
2024-12-18,ORD-102016,CUS-0204,Refill Pack,Consumables,Kowloon,Mobile App,4,163.59,lapsed_high_value
2024-12-18,ORD-102359,CUS-0231,Starter Kit,Starter,New Territories,Mobile App,4,219.92,lapsed_high_value
2024-12-18,ORD-102688,CUS-0296,Premium Set,Premium,Kowloon,Mobile App,1,209.96,cooling
2024-12-18,ORD-102767,CUS-0309,Refill Pack,Consumables,Hong Kong,Website,3,96.59,cooling
2024-12-18,ORD-102796,CUS-0314,Starter Kit,Starter,Hong Kong,Marketplace,4,202.17,cooling
2024-12-19,ORD-100050,CUS-0004,Everyday Set,Core,International,Marketplace,4,587.94,frequent_recent
2024-12-19,ORD-100231,CUS-0014,Premium Set,Premium,New Territories,Website,4,1031.61,frequent_recent
2024-12-19,ORD-101547,CUS-0105,Refill Pack,Consumables,Kowloon,Website,2,57.17,steady_repeat
2024-12-19,ORD-102481,CUS-0241,Starter Kit,Starter,New Territories,Website,1,58.47,lapsed_high_value
2024-12-19,ORD-102696,CUS-0297,Everyday Set,Core,Hong Kong,Mobile App,4,374.91,cooling
2024-12-19,ORD-102830,CUS-0320,Premium Set,Premium,Hong Kong,Website,1,173.21,cooling
2024-12-20,ORD-100947,CUS-0057,Everyday Set,Core,Hong Kong,Website,4,397.7,steady_repeat
2024-12-20,ORD-101263,CUS-0082,Premium Set,Premium,Hong Kong,Website,1,151.75,steady_repeat
2024-12-20,ORD-102642,CUS-0272,Starter Kit,Starter,Kowloon,Website,2,76.8,inactive_low_value
2024-12-20,ORD-102846,CUS-0323,Refill Pack,Consumables,New Territories,Marketplace,4,139.55,cooling
2024-12-21,ORD-101029,CUS-0064,Everyday Set,Core,Hong Kong,Marketplace,1,115.77,steady_repeat
2024-12-21,ORD-101548,CUS-0105,Premium Set,Premium,Kowloon,Website,2,351.13,steady_repeat
2024-12-21,ORD-102174,CUS-0217,Starter Kit,Starter,Kowloon,Mobile App,4,297.53,lapsed_high_value
2024-12-21,RET-100946,CUS-0057,Everyday Set,Core,Hong Kong,Return,-1,-124.35,steady_repeat
2024-12-22,ORD-100302,CUS-0019,Starter Kit,Starter,Kowloon,Mobile App,4,325.17,frequent_recent
2024-12-22,ORD-100554,CUS-0033,Starter Kit,Starter,Hong Kong,Website,3,284.29,frequent_recent
2024-12-22,ORD-101042,CUS-0065,Everyday Set,Core,Kowloon,Marketplace,4,414.46,steady_repeat
2024-12-22,ORD-101274,CUS-0083,Everyday Set,Core,New Territories,Website,2,205.9,steady_repeat
2024-12-22,ORD-102421,CUS-0236,Premium Set,Premium,New Territories,Website,1,272.81,lapsed_high_value
2024-12-22,ORD-102596,CUS-0251,Refill Pack,Consumables,Kowloon,Website,2,26.68,inactive_low_value
2024-12-22,ORD-102607,CUS-0259,Refill Pack,Consumables,Kowloon,Website,1,27.19,inactive_low_value
2024-12-22,ORD-102705,CUS-0298,Starter Kit,Starter,Kowloon,Website,3,143.6,cooling
2024-12-23,ORD-100462,CUS-0028,Everyday Set,Core,Kowloon,Marketplace,2,273.44,frequent_recent
2024-12-23,ORD-100736,CUS-0043,Starter Kit,Starter,Kowloon,Marketplace,3,228.9,frequent_recent
2024-12-23,ORD-100896,CUS-0053,Refill Pack,Consumables,New Territories,Website,4,130.9,steady_repeat
2024-12-23,ORD-101451,CUS-0097,Premium Set,Premium,New Territories,Website,3,493.24,steady_repeat
2024-12-23,ORD-101509,CUS-0102,Premium Set,Premium,Kowloon,Mobile App,2,387.98,steady_repeat
2024-12-23,ORD-101600,CUS-0109,Refill Pack,Consumables,Hong Kong,Marketplace,4,146.56,steady_repeat
2024-12-23,ORD-102132,CUS-0214,Refill Pack,Consumables,Hong Kong,Website,2,111.78,lapsed_high_value
2024-12-23,ORD-102159,CUS-0216,Refill Pack,Consumables,Kowloon,Marketplace,1,34.95,lapsed_high_value
2024-12-23,ORD-102235,CUS-0222,Refill Pack,Consumables,Hong Kong,Mobile App,4,151.84,lapsed_high_value
2024-12-23,ORD-102346,CUS-0230,Refill Pack,Consumables,Kowloon,Website,3,128.56,lapsed_high_value
2024-12-23,ORD-102602,CUS-0256,Starter Kit,Starter,Kowloon,Website,3,89.02,inactive_low_value
2024-12-23,ORD-102880,CUS-0328,Refill Pack,Consumables,Kowloon,Website,2,50.65,cooling
2024-12-24,ORD-100377,CUS-0023,Everyday Set,Core,Hong Kong,Mobile App,2,301.71,frequent_recent
2024-12-24,ORD-100771,CUS-0045,Everyday Set,Core,Kowloon,Mobile App,4,556.37,frequent_recent
2024-12-24,ORD-101052,CUS-0066,Everyday Set,Core,New Territories,Marketplace,2,234.64,steady_repeat
2024-12-25,ORD-100543,CUS-0032,Everyday Set,Core,Kowloon,Website,2,286.43,frequent_recent
2024-12-25,ORD-100772,CUS-0045,Refill Pack,Consumables,Kowloon,Marketplace,3,161.9,frequent_recent
2024-12-25,ORD-102133,CUS-0214,Refill Pack,Consumables,Hong Kong,Marketplace,1,51.0,lapsed_high_value
2024-12-25,ORD-102175,CUS-0217,Everyday Set,Core,Kowloon,Website,2,266.57,lapsed_high_value
2024-12-25,ORD-102253,CUS-0223,Refill Pack,Consumables,New Territories,Website,2,67.55,lapsed_high_value
2024-12-25,ORD-102750,CUS-0306,Refill Pack,Consumables,New Territories,Website,1,29.85,cooling
2024-12-26,ORD-100343,CUS-0021,Refill Pack,Consumables,Hong Kong,Marketplace,1,57.03,frequent_recent
2024-12-26,ORD-101077,CUS-0068,Everyday Set,Core,Kowloon,Mobile App,1,100.67,steady_repeat
2024-12-26,ORD-101275,CUS-0083,Premium Set,Premium,New Territories,Marketplace,3,515.91,steady_repeat
2024-12-26,ORD-101485,CUS-0100,Starter Kit,Starter,New Territories,Website,2,102.64,steady_repeat
2024-12-26,RET-102697,CUS-0297,Everyday Set,Core,Hong Kong,Return,-1,-93.73,cooling
2024-12-27,ORD-100148,CUS-0009,Starter Kit,Starter,New Territories,Mobile App,1,64.5,frequent_recent
2024-12-27,ORD-100805,CUS-0047,Premium Set,Premium,Kowloon,Marketplace,3,659.42,frequent_recent
2024-12-27,ORD-101560,CUS-0106,Everyday Set,Core,New Territories,Marketplace,2,162.59,steady_repeat
2024-12-27,ORD-102085,CUS-0210,Premium Set,Premium,Kowloon,Website,2,623.26,lapsed_high_value
2024-12-27,ORD-102176,CUS-0217,Everyday Set,Core,Kowloon,Website,1,147.02,lapsed_high_value
2024-12-27,ORD-102398,CUS-0234,Starter Kit,Starter,New Territories,Mobile App,3,139.05,lapsed_high_value
2024-12-27,ORD-102881,CUS-0328,Refill Pack,Consumables,Kowloon,Marketplace,4,104.16,cooling
2024-12-28,ORD-100112,CUS-0007,Refill Pack,Consumables,New Territories,Mobile App,4,180.18,frequent_recent
2024-12-28,ORD-100716,CUS-0042,Premium Set,Premium,New Territories,Marketplace,1,229.13,frequent_recent
2024-12-28,ORD-101195,CUS-0077,Everyday Set,Core,Kowloon,Website,4,433.6,steady_repeat
2024-12-28,ORD-102227,CUS-0221,Premium Set,Premium,New Territories,Website,3,672.06,lapsed_high_value
2024-12-28,ORD-102503,CUS-0243,Everyday Set,Core,Kowloon,Website,2,324.11,lapsed_high_value
2024-12-28,ORD-102593,CUS-0250,Everyday Set,Core,New Territories,Website,2,287.17,lapsed_high_value
2024-12-28,ORD-102751,CUS-0306,Everyday Set,Core,New Territories,Marketplace,1,95.07,cooling
2024-12-29,ORD-100921,CUS-0055,Refill Pack,Consumables,International,Website,1,38.47,steady_repeat
2024-12-29,ORD-102017,CUS-0204,Everyday Set,Core,Kowloon,Marketplace,4,481.96,lapsed_high_value
2024-12-30,ORD-100165,CUS-0010,Starter Kit,Starter,Kowloon,Website,4,413.92,frequent_recent
2024-12-30,ORD-100935,CUS-0056,Everyday Set,Core,Hong Kong,Website,3,261.16,steady_repeat
2024-12-30,ORD-100993,CUS-0061,Everyday Set,Core,Kowloon,Website,1,88.85,steady_repeat
2024-12-30,ORD-101142,CUS-0073,Premium Set,Premium,Hong Kong,Website,4,704.75,steady_repeat
2024-12-30,ORD-101210,CUS-0078,Premium Set,Premium,Hong Kong,Mobile App,4,987.38,steady_repeat
2024-12-30,ORD-101250,CUS-0081,Everyday Set,Core,Kowloon,Marketplace,1,102.39,steady_repeat
2024-12-30,ORD-102432,CUS-0237,Everyday Set,Core,International,Website,4,451.8,lapsed_high_value
2024-12-30,ORD-102463,CUS-0240,Starter Kit,Starter,Kowloon,Marketplace,3,241.3,lapsed_high_value
2024-12-30,ORD-102490,CUS-0242,Everyday Set,Core,International,Website,2,320.99,lapsed_high_value
2024-12-31,ORD-100003,CUS-0001,Everyday Set,Core,Hong Kong,Website,1,144.51,frequent_recent
2024-12-31,ORD-100166,CUS-0010,Everyday Set,Core,Kowloon,Website,1,193.69,frequent_recent
2024-12-31,ORD-100232,CUS-0014,Starter Kit,Starter,New Territories,Website,3,233.44,frequent_recent
2024-12-31,ORD-100463,CUS-0028,Everyday Set,Core,Kowloon,Mobile App,3,442.23,frequent_recent
2024-12-31,ORD-100756,CUS-0044,Starter Kit,Starter,Hong Kong,Website,4,297.61,frequent_recent
2024-12-31,ORD-100850,CUS-0050,Premium Set,Premium,Hong Kong,Mobile App,1,308.02,frequent_recent
2024-12-31,ORD-101364,CUS-0090,Starter Kit,Starter,New Territories,Mobile App,1,51.52,steady_repeat
2024-12-31,ORD-101549,CUS-0105,Everyday Set,Core,Kowloon,Mobile App,3,267.38,steady_repeat
2024-12-31,ORD-102006,CUS-0203,Everyday Set,Core,Hong Kong,Marketplace,3,361.99,lapsed_high_value
2024-12-31,ORD-102410,CUS-0235,Premium Set,Premium,New Territories,Marketplace,2,529.48,lapsed_high_value
2025-01-01,ORD-100127,CUS-0008,Everyday Set,Core,International,Marketplace,2,322.79,frequent_recent
2025-01-01,ORD-100737,CUS-0043,Refill Pack,Consumables,Kowloon,Marketplace,3,134.45,frequent_recent
2025-01-01,ORD-100833,CUS-0049,Everyday Set,Core,International,Marketplace,1,145.77,frequent_recent
2025-01-01,ORD-101100,CUS-0070,Everyday Set,Core,Hong Kong,Mobile App,4,403.48,steady_repeat
2025-01-01,ORD-102652,CUS-0277,Starter Kit,Starter,Kowloon,Website,1,25.83,inactive_low_value
2025-01-01,ORD-102870,CUS-0326,Everyday Set,Core,New Territories,Website,3,250.16,cooling
2025-01-02,ORD-100717,CUS-0042,Premium Set,Premium,New Territories,Marketplace,2,485.04,frequent_recent
2025-01-02,ORD-101030,CUS-0064,Refill Pack,Consumables,Hong Kong,Website,1,41.13,steady_repeat
2025-01-02,ORD-101031,CUS-0064,Refill Pack,Consumables,Hong Kong,Website,2,74.56,steady_repeat
2025-01-02,ORD-101064,CUS-0067,Premium Set,Premium,Kowloon,Website,4,911.1,steady_repeat
2025-01-02,ORD-101167,CUS-0075,Starter Kit,Starter,New Territories,Marketplace,1,70.28,steady_repeat
2025-01-02,ORD-101510,CUS-0102,Everyday Set,Core,Kowloon,Mobile App,2,194.01,steady_repeat
2025-01-02,ORD-102530,CUS-0245,Starter Kit,Starter,International,Website,1,98.05,lapsed_high_value
2025-01-03,ORD-100233,CUS-0014,Starter Kit,Starter,New Territories,Mobile App,2,156.68,frequent_recent
2025-01-03,ORD-100320,CUS-0020,Refill Pack,Consumables,New Territories,Website,3,167.24,frequent_recent
2025-01-03,ORD-101078,CUS-0068,Everyday Set,Core,Kowloon,Website,1,102.56,steady_repeat
2025-01-03,ORD-101156,CUS-0074,Everyday Set,Core,Hong Kong,Website,4,374.1,steady_repeat
2025-01-03,ORD-102531,CUS-0245,Refill Pack,Consumables,International,Marketplace,3,188.38,lapsed_high_value
2025-01-03,ORD-102739,CUS-0304,Refill Pack,Consumables,New Territories,Marketplace,2,42.52,cooling
2025-01-04,ORD-100589,CUS-0035,Starter Kit,Starter,Hong Kong,Mobile App,1,90.98,frequent_recent
2025-01-04,ORD-101284,CUS-0084,Refill Pack,Consumables,Hong Kong,Website,2,66.65,steady_repeat
2025-01-04,ORD-101415,CUS-0094,Starter Kit,Starter,Kowloon,Website,2,106.66,steady_repeat
2025-01-04,ORD-102086,CUS-0210,Premium Set,Premium,Kowloon,Mobile App,1,297.17,lapsed_high_value
2025-01-04,ORD-102148,CUS-0215,Everyday Set,Core,Hong Kong,Website,3,387.56,lapsed_high_value
2025-01-04,ORD-102399,CUS-0234,Premium Set,Premium,New Territories,Mobile App,2,423.74,lapsed_high_value
2025-01-04,ORD-102547,CUS-0246,Refill Pack,Consumables,International,Mobile App,2,73.79,lapsed_high_value
2025-01-05,ORD-100202,CUS-0012,Everyday Set,Core,New Territories,Website,2,314.93,frequent_recent
2025-01-05,ORD-100960,CUS-0058,Starter Kit,Starter,Hong Kong,Website,1,51.58,steady_repeat
2025-01-05,ORD-101991,CUS-0202,Everyday Set,Core,Hong Kong,Website,1,116.86,lapsed_high_value
2025-01-06,ORD-100303,CUS-0019,Starter Kit,Starter,Kowloon,Website,3,239.26,frequent_recent
2025-01-06,ORD-101520,CUS-0103,Premium Set,Premium,Kowloon,Marketplace,4,770.94,steady_repeat
2025-01-06,ORD-102254,CUS-0223,Refill Pack,Consumables,New Territories,Website,4,156.32,lapsed_high_value
2025-01-06,ORD-102422,CUS-0236,Starter Kit,Starter,New Territories,Marketplace,1,61.97,lapsed_high_value
2025-01-07,ORD-100822,CUS-0048,Refill Pack,Consumables,International,Marketplace,3,166.59,frequent_recent
2025-01-07,ORD-102371,CUS-0232,Premium Set,Premium,Hong Kong,Marketplace,3,857.31,lapsed_high_value
2025-01-08,ORD-100068,CUS-0005,Starter Kit,Starter,International,Website,3,268.19,frequent_recent
2025-01-08,ORD-101005,CUS-0062,Everyday Set,Core,Kowloon,Website,4,366.2,steady_repeat
2025-01-08,ORD-101392,CUS-0092,Everyday Set,Core,International,Website,3,298.47,steady_repeat
2025-01-08,ORD-102106,CUS-0212,Starter Kit,Starter,Kowloon,Mobile App,1,67.1,lapsed_high_value
2025-01-08,ORD-102360,CUS-0231,Refill Pack,Consumables,New Territories,Website,2,80.42,lapsed_high_value
2025-01-09,ORD-100408,CUS-0025,Everyday Set,Core,New Territories,Marketplace,4,478.18,frequent_recent
2025-01-10,ORD-100167,CUS-0010,Starter Kit,Starter,Kowloon,Website,1,94.34,frequent_recent
2025-01-10,ORD-100270,CUS-0017,Everyday Set,Core,Kowloon,Marketplace,2,330.15,frequent_recent
2025-01-10,ORD-100409,CUS-0025,Starter Kit,Starter,New Territories,Website,3,196.27,frequent_recent
2025-01-10,ORD-100663,CUS-0039,Everyday Set,Core,Hong Kong,Website,1,188.77,frequent_recent
2025-01-10,ORD-100718,CUS-0042,Everyday Set,Core,New Territories,Website,2,258.45,frequent_recent
2025-01-10,ORD-100834,CUS-0049,Everyday Set,Core,International,Marketplace,4,571.73,frequent_recent
2025-01-10,ORD-101535,CUS-0104,Everyday Set,Core,Hong Kong,Mobile App,3,259.82,steady_repeat
2025-01-10,ORD-102515,CUS-0244,Refill Pack,Consumables,Kowloon,Marketplace,3,153.29,lapsed_high_value
2025-01-10,ORD-102608,CUS-0259,Premium Set,Premium,Kowloon,Marketplace,4,610.16,inactive_low_value
2025-01-11,ORD-100004,CUS-0001,Everyday Set,Core,Hong Kong,Marketplace,2,277.68,frequent_recent
2025-01-11,ORD-100022,CUS-0002,Everyday Set,Core,Hong Kong,Website,3,527.87,frequent_recent
2025-01-11,ORD-100304,CUS-0019,Everyday Set,Core,Kowloon,Website,1,144.19,frequent_recent
2025-01-11,ORD-100897,CUS-0053,Refill Pack,Consumables,New Territories,Mobile App,2,66.2,steady_repeat
2025-01-11,ORD-102332,CUS-0229,Starter Kit,Starter,New Territories,Website,2,136.35,lapsed_high_value
2025-01-11,ORD-102453,CUS-0239,Premium Set,Premium,Hong Kong,Website,3,1199.24,lapsed_high_value
2025-01-12,ORD-102810,CUS-0316,Premium Set,Premium,Hong Kong,Marketplace,1,138.34,cooling
2025-01-13,ORD-100203,CUS-0012,Refill Pack,Consumables,New Territories,Mobile App,3,184.4,frequent_recent
2025-01-13,ORD-101196,CUS-0077,Everyday Set,Core,Kowloon,Mobile App,3,345.67,steady_repeat
2025-01-14,ORD-100680,CUS-0040,Starter Kit,Starter,Kowloon,Marketplace,3,220.03,frequent_recent
2025-01-14,ORD-101511,CUS-0102,Refill Pack,Consumables,Kowloon,Mobile App,4,141.98,steady_repeat
2025-01-14,ORD-101550,CUS-0105,Everyday Set,Core,Kowloon,Mobile App,3,266.87,steady_repeat
2025-01-14,ORD-102134,CUS-0214,Starter Kit,Starter,Hong Kong,Mobile App,2,157.1,lapsed_high_value
2025-01-14,ORD-102882,CUS-0328,Refill Pack,Consumables,Kowloon,Marketplace,2,52.69,cooling
2025-01-15,ORD-100865,CUS-0051,Refill Pack,Consumables,International,Marketplace,3,181.8,frequent_recent
2025-01-15,ORD-102228,CUS-0221,Everyday Set,Core,New Territories,Mobile App,2,220.59,lapsed_high_value
2025-01-15,ORD-102362,CUS-0231,Premium Set,Premium,New Territories,Website,2,459.14,lapsed_high_value
2025-01-15,ORD-102482,CUS-0241,Starter Kit,Starter,New Territories,Website,4,233.4,lapsed_high_value
2025-01-15,RET-102107,CUS-0212,Starter Kit,Starter,Kowloon,Return,-1,-67.1,lapsed_high_value
2025-01-15,RET-102361,CUS-0231,Refill Pack,Consumables,New Territories,Return,-1,-40.21,lapsed_high_value
2025-01-16,ORD-100290,CUS-0018,Premium Set,Premium,International,Marketplace,3,949.34,frequent_recent
2025-01-16,ORD-100681,CUS-0040,Everyday Set,Core,Kowloon,Website,3,435.93,frequent_recent
2025-01-16,ORD-102204,CUS-0219,Refill Pack,Consumables,New Territories,Website,1,45.6,lapsed_high_value
2025-01-16,ORD-102280,CUS-0225,Starter Kit,Starter,Hong Kong,Mobile App,1,68.87,lapsed_high_value
2025-01-16,ORD-102783,CUS-0311,Starter Kit,Starter,Hong Kong,Website,1,34.97,cooling
2025-01-16,ORD-102814,CUS-0317,Everyday Set,Core,Kowloon,Marketplace,1,58.39,cooling
2025-01-17,ORD-100069,CUS-0005,Everyday Set,Core,International,Marketplace,2,344.07,frequent_recent
2025-01-17,ORD-100092,CUS-0006,Everyday Set,Core,Hong Kong,Website,4,626.98,frequent_recent
2025-01-17,ORD-100464,CUS-0028,Everyday Set,Core,Kowloon,Marketplace,2,260.49,frequent_recent
2025-01-17,ORD-101992,CUS-0202,Everyday Set,Core,Hong Kong,Website,1,136.87,lapsed_high_value
2025-01-17,ORD-102532,CUS-0245,Everyday Set,Core,International,Website,2,292.12,lapsed_high_value
2025-01-18,ORD-100149,CUS-0009,Starter Kit,Starter,New Territories,Website,3,171.99,frequent_recent
2025-01-18,ORD-100394,CUS-0024,Premium Set,Premium,Hong Kong,Website,3,746.49,frequent_recent
2025-01-18,ORD-100719,CUS-0042,Premium Set,Premium,New Territories,Website,2,517.86,frequent_recent
2025-01-18,ORD-101264,CUS-0082,Refill Pack,Consumables,Hong Kong,Mobile App,3,80.08,steady_repeat
2025-01-18,ORD-101276,CUS-0083,Starter Kit,Starter,New Territories,Marketplace,4,207.82,steady_repeat
2025-01-18,ORD-101496,CUS-0101,Everyday Set,Core,Kowloon,Website,1,103.37,steady_repeat
2025-01-18,ORD-102018,CUS-0204,Everyday Set,Core,Kowloon,Website,3,355.05,lapsed_high_value
2025-01-18,ORD-102215,CUS-0220,Everyday Set,Core,Kowloon,Website,4,596.65,lapsed_high_value
2025-01-18,ORD-102600,CUS-0255,Refill Pack,Consumables,Hong Kong,Website,1,25.42,inactive_low_value
2025-01-18,ORD-102824,CUS-0319,Everyday Set,Core,Hong Kong,Website,4,310.81,cooling
2025-01-19,ORD-100023,CUS-0002,Starter Kit,Starter,Hong Kong,Mobile App,4,336.14,frequent_recent
2025-01-19,ORD-100150,CUS-0009,Premium Set,Premium,New Territories,Mobile App,4,1133.84,frequent_recent
2025-01-19,ORD-100664,CUS-0039,Everyday Set,Core,Hong Kong,Website,4,731.13,frequent_recent
2025-01-19,ORD-100866,CUS-0051,Everyday Set,Core,International,Website,2,363.97,frequent_recent
2025-01-19,ORD-101497,CUS-0101,Premium Set,Premium,Kowloon,Website,1,224.78,steady_repeat
2025-01-19,ORD-101586,CUS-0108,Everyday Set,Core,Kowloon,Website,1,74.38,steady_repeat
2025-01-19,ORD-102064,CUS-0208,Starter Kit,Starter,New Territories,Marketplace,3,192.3,lapsed_high_value
2025-01-19,ORD-102548,CUS-0246,Premium Set,Premium,International,Website,4,781.85,lapsed_high_value
2025-01-20,ORD-100070,CUS-0005,Starter Kit,Starter,International,Marketplace,2,180.54,frequent_recent
2025-01-20,ORD-100247,CUS-0015,Everyday Set,Core,Kowloon,Website,3,354.99,frequent_recent
2025-01-20,ORD-101006,CUS-0062,Everyday Set,Core,Kowloon,Website,1,93.41,steady_repeat
2025-01-20,ORD-101393,CUS-0092,Everyday Set,Core,International,Mobile App,3,298.43,steady_repeat
2025-01-20,ORD-102236,CUS-0222,Starter Kit,Starter,Hong Kong,Marketplace,4,235.63,lapsed_high_value
2025-01-20,ORD-102281,CUS-0225,Premium Set,Premium,Hong Kong,Website,3,762.57,lapsed_high_value
2025-01-20,ORD-102740,CUS-0304,Premium Set,Premium,New Territories,Marketplace,1,111.12,cooling
2025-01-21,ORD-100071,CUS-0005,Everyday Set,Core,International,Mobile App,3,576.52,frequent_recent
2025-01-21,ORD-101131,CUS-0072,Refill Pack,Consumables,Hong Kong,Website,1,42.07,steady_repeat
2025-01-21,ORD-101265,CUS-0082,Everyday Set,Core,Hong Kong,Marketplace,2,159.55,steady_repeat
2025-01-21,ORD-102073,CUS-0209,Starter Kit,Starter,Hong Kong,Marketplace,4,338.47,lapsed_high_value
2025-01-21,ORD-102149,CUS-0215,Everyday Set,Core,Hong Kong,Website,2,244.69,lapsed_high_value
2025-01-21,ORD-102578,CUS-0249,Everyday Set,Core,Hong Kong,Website,2,201.92,lapsed_high_value
2025-01-22,ORD-100072,CUS-0005,Everyday Set,Core,International,Mobile App,4,754.06,frequent_recent
2025-01-22,ORD-100128,CUS-0008,Refill Pack,Consumables,International,Website,4,217.59,frequent_recent
2025-01-22,ORD-102065,CUS-0208,Everyday Set,Core,New Territories,Mobile App,4,501.59,lapsed_high_value
2025-01-22,ORD-102533,CUS-0245,Everyday Set,Core,International,Website,1,177.13,lapsed_high_value
2025-01-22,ORD-102594,CUS-0250,Premium Set,Premium,New Territories,Website,1,277.99,lapsed_high_value
2025-01-22,ORD-102861,CUS-0325,Everyday Set,Core,Hong Kong,Marketplace,3,188.13,cooling
2025-01-23,ORD-100344,CUS-0021,Everyday Set,Core,Hong Kong,Website,2,318.5,frequent_recent
2025-01-23,ORD-100738,CUS-0043,Refill Pack,Consumables,Kowloon,Website,3,129.67,frequent_recent
2025-01-23,ORD-100786,CUS-0046,Everyday Set,Core,International,Mobile App,1,122.07,frequent_recent
2025-01-23,ORD-100914,CUS-0054,Starter Kit,Starter,Kowloon,Website,2,99.99,steady_repeat
2025-01-23,ORD-101197,CUS-0077,Premium Set,Premium,Kowloon,Website,3,541.43,steady_repeat
2025-01-23,ORD-101438,CUS-0096,Refill Pack,Consumables,Hong Kong,Mobile App,2,63.72,steady_repeat
2025-01-23,ORD-102216,CUS-0220,Everyday Set,Core,Kowloon,Website,3,464.17,lapsed_high_value
2025-01-23,ORD-102423,CUS-0236,Everyday Set,Core,New Territories,Mobile App,2,226.79,lapsed_high_value
2025-01-23,ORD-102628,CUS-0266,Refill Pack,Consumables,Hong Kong,Website,1,25.44,inactive_low_value
2025-01-23,ORD-102741,CUS-0304,Starter Kit,Starter,New Territories,Website,3,93.49,cooling
2025-01-23,ORD-102815,CUS-0317,Everyday Set,Core,Kowloon,Website,4,258.42,cooling
2025-01-24,ORD-100898,CUS-0053,Premium Set,Premium,New Territories,Marketplace,4,677.83,steady_repeat
2025-01-24,ORD-102714,CUS-0300,Starter Kit,Starter,Hong Kong,Mobile App,4,150.32,cooling
2025-01-25,ORD-100739,CUS-0043,Starter Kit,Starter,Kowloon,Website,3,211.43,frequent_recent
2025-01-25,ORD-100806,CUS-0047,Everyday Set,Core,Kowloon,Mobile App,2,231.75,frequent_recent
2025-01-25,ORD-100994,CUS-0061,Refill Pack,Consumables,Kowloon,Mobile App,4,109.2,steady_repeat
2025-01-25,ORD-100995,CUS-0061,Premium Set,Premium,Kowloon,Marketplace,4,672.14,steady_repeat
2025-01-25,ORD-101439,CUS-0096,Starter Kit,Starter,Hong Kong,Mobile App,2,90.37,steady_repeat
2025-01-26,ORD-100073,CUS-0005,Refill Pack,Consumables,International,Website,4,251.93,frequent_recent
2025-01-26,ORD-100358,CUS-0022,Everyday Set,Core,Hong Kong,Website,4,637.69,frequent_recent
2025-01-26,ORD-100555,CUS-0033,Refill Pack,Consumables,Hong Kong,Marketplace,1,57.85,frequent_recent
2025-01-26,ORD-102160,CUS-0216,Premium Set,Premium,Kowloon,Website,3,629.12,lapsed_high_value
2025-01-27,ORD-100151,CUS-0009,Refill Pack,Consumables,New Territories,Marketplace,1,39.94,frequent_recent
2025-01-27,ORD-100899,CUS-0053,Everyday Set,Core,New Territories,Website,4,396.33,steady_repeat
2025-01-27,ORD-102443,CUS-0238,Everyday Set,Core,New Territories,Website,3,360.17,lapsed_high_value
2025-01-27,ORD-102534,CUS-0245,Starter Kit,Starter,International,Website,3,231.98,lapsed_high_value
2025-01-27,ORD-102841,CUS-0322,Starter Kit,Starter,Kowloon,Website,1,53.65,cooling
2025-01-28,ORD-100005,CUS-0001,Everyday Set,Core,Hong Kong,Website,4,652.64,frequent_recent
2025-01-28,ORD-100900,CUS-0053,Everyday Set,Core,New Territories,Marketplace,1,98.12,steady_repeat
2025-01-28,ORD-101463,CUS-0098,Refill Pack,Consumables,New Territories,Website,1,36.31,steady_repeat
2025-01-28,RET-101266,CUS-0082,Everyday Set,Core,Hong Kong,Return,-1,-79.77,steady_repeat
2025-01-29,ORD-100218,CUS-0013,Everyday Set,Core,Hong Kong,Website,2,250.54,frequent_recent
2025-01-29,ORD-100915,CUS-0054,Starter Kit,Starter,Kowloon,Website,3,149.92,steady_repeat
2025-01-29,ORD-101394,CUS-0092,Refill Pack,Consumables,International,Website,2,65.03,steady_repeat
2025-01-30,ORD-100204,CUS-0012,Everyday Set,Core,New Territories,Marketplace,3,479.76,frequent_recent
2025-01-30,ORD-100234,CUS-0014,Refill Pack,Consumables,New Territories,Marketplace,3,132.96,frequent_recent
2025-01-30,ORD-100359,CUS-0022,Everyday Set,Core,Hong Kong,Marketplace,1,177.86,frequent_recent
2025-01-30,ORD-100521,CUS-0031,Everyday Set,Core,New Territories,Website,2,252.52,frequent_recent
2025-01-30,ORD-101404,CUS-0093,Premium Set,Premium,Kowloon,Website,3,539.1,steady_repeat
2025-01-30,ORD-102268,CUS-0224,Refill Pack,Consumables,Hong Kong,Website,3,206.85,lapsed_high_value
2025-01-30,ORD-102292,CUS-0226,Everyday Set,Core,International,Website,4,538.93,lapsed_high_value
2025-01-30,ORD-102483,CUS-0241,Everyday Set,Core,New Territories,Mobile App,1,116.09,lapsed_high_value
2025-01-30,ORD-102898,CUS-0330,Refill Pack,Consumables,New Territories,Mobile App,2,43.48,cooling
2025-01-31,ORD-101007,CUS-0062,Premium Set,Premium,Kowloon,Website,2,327.95,steady_repeat
2025-01-31,ORD-101551,CUS-0105,Starter Kit,Starter,Kowloon,Website,1,45.45,steady_repeat
2025-01-31,ORD-102217,CUS-0220,Starter Kit,Starter,Kowloon,Website,1,69.46,lapsed_high_value
2025-01-31,ORD-102464,CUS-0240,Everyday Set,Core,Kowloon,Mobile App,3,473.03,lapsed_high_value
2025-02-01,ORD-100152,CUS-0009,Everyday Set,Core,New Territories,Mobile App,4,394.25,frequent_recent
2025-02-01,ORD-100612,CUS-0036,Premium Set,Premium,Hong Kong,Website,1,346.5,frequent_recent
2025-02-01,ORD-100867,CUS-0051,Starter Kit,Starter,International,Marketplace,3,248.84,frequent_recent
2025-02-01,ORD-101236,CUS-0080,Starter Kit,Starter,New Territories,Website,2,91.35,steady_repeat
2025-02-01,ORD-101267,CUS-0082,Starter Kit,Starter,Hong Kong,Website,3,121.08,steady_repeat
2025-02-01,ORD-101440,CUS-0096,Refill Pack,Consumables,Hong Kong,Mobile App,3,94.81,steady_repeat
2025-02-02,ORD-101285,CUS-0084,Starter Kit,Starter,Hong Kong,Marketplace,1,49.88,steady_repeat
2025-02-02,ORD-101365,CUS-0090,Refill Pack,Consumables,New Territories,Marketplace,3,85.11,steady_repeat
2025-02-02,ORD-102504,CUS-0243,Everyday Set,Core,Kowloon,Marketplace,2,280.09,lapsed_high_value
2025-02-02,ORD-102516,CUS-0244,Starter Kit,Starter,Kowloon,Website,3,217.45,lapsed_high_value
2025-02-02,ORD-102728,CUS-0303,Starter Kit,Starter,Hong Kong,Website,2,70.25,cooling
2025-02-02,ORD-102757,CUS-0307,Everyday Set,Core,Kowloon,Marketplace,1,90.32,cooling
2025-02-02,ORD-102761,CUS-0308,Refill Pack,Consumables,Kowloon,Mobile App,3,85.71,cooling
2025-02-02,ORD-102762,CUS-0308,Premium Set,Premium,Kowloon,Website,4,607.81,cooling
2025-02-03,ORD-100248,CUS-0015,Everyday Set,Core,Kowloon,Mobile App,1,122.49,frequent_recent
2025-02-03,ORD-100700,CUS-0041,Everyday Set,Core,Kowloon,Mobile App,1,159.51,frequent_recent
2025-02-03,ORD-102400,CUS-0234,Everyday Set,Core,New Territories,Website,3,303.25,lapsed_high_value
2025-02-03,ORD-102424,CUS-0236,Starter Kit,Starter,New Territories,Website,4,298.4,lapsed_high_value
2025-02-03,ORD-102797,CUS-0314,Everyday Set,Core,Hong Kong,Website,4,365.45,cooling
2025-02-04,ORD-101416,CUS-0094,Everyday Set,Core,Kowloon,Website,2,219.21,steady_repeat
2025-02-04,ORD-101452,CUS-0097,Starter Kit,Starter,New Territories,Marketplace,1,47.66,steady_repeat
2025-02-04,ORD-101561,CUS-0106,Refill Pack,Consumables,New Territories,Website,3,92.47,steady_repeat
2025-02-04,ORD-101562,CUS-0106,Refill Pack,Consumables,New Territories,Mobile App,2,76.87,steady_repeat
2025-02-04,ORD-102535,CUS-0245,Everyday Set,Core,International,Website,2,355.13,lapsed_high_value
2025-02-04,ORD-102649,CUS-0275,Premium Set,Premium,Hong Kong,Website,4,542.1,inactive_low_value
2025-02-04,ORD-102862,CUS-0325,Refill Pack,Consumables,Hong Kong,Marketplace,1,21.36,cooling
2025-02-05,ORD-100961,CUS-0058,Everyday Set,Core,Hong Kong,Website,3,262.55,steady_repeat
2025-02-05,ORD-101043,CUS-0065,Everyday Set,Core,Kowloon,Mobile App,4,488.96,steady_repeat
2025-02-05,ORD-102074,CUS-0209,Everyday Set,Core,Hong Kong,Website,4,660.42,lapsed_high_value
2025-02-05,ORD-102626,CUS-0265,Everyday Set,Core,New Territories,Marketplace,2,76.52,inactive_low_value
2025-02-06,ORD-100074,CUS-0005,Premium Set,Premium,International,Marketplace,1,336.38,frequent_recent
2025-02-06,ORD-100113,CUS-0007,Refill Pack,Consumables,New Territories,Marketplace,3,126.08,frequent_recent
2025-02-06,ORD-100823,CUS-0048,Starter Kit,Starter,International,Website,3,247.31,frequent_recent
2025-02-06,ORD-101183,CUS-0076,Refill Pack,Consumables,International,Website,1,36.42,steady_repeat
2025-02-06,ORD-101198,CUS-0077,Everyday Set,Core,Kowloon,Marketplace,1,108.11,steady_repeat
2025-02-06,RET-100205,CUS-0012,Everyday Set,Core,New Territories,Return,-1,-159.92,frequent_recent
2025-02-07,ORD-100235,CUS-0014,Refill Pack,Consumables,New Territories,Marketplace,1,48.56,frequent_recent
2025-02-07,ORD-100996,CUS-0061,Starter Kit,Starter,Kowloon,Website,4,190.67,steady_repeat
2025-02-07,ORD-101090,CUS-0069,Starter Kit,Starter,Kowloon,Website,3,205.81,steady_repeat
2025-02-07,ORD-102631,CUS-0267,Everyday Set,Core,New Territories,Marketplace,1,63.73,inactive_low_value
2025-02-07,RET-102465,CUS-0240,Everyday Set,Core,Kowloon,Return,-1,-157.68,lapsed_high_value
2025-02-08,ORD-100410,CUS-0025,Everyday Set,Core,New Territories,Mobile App,2,279.38,frequent_recent
2025-02-08,ORD-100465,CUS-0028,Starter Kit,Starter,Kowloon,Website,4,278.8,frequent_recent
2025-02-08,ORD-102684,CUS-0294,Starter Kit,Starter,Kowloon,Mobile App,1,40.63,inactive_low_value
2025-02-09,ORD-100321,CUS-0020,Starter Kit,Starter,New Territories,Mobile App,1,82.98,frequent_recent
2025-02-09,ORD-100643,CUS-0038,Everyday Set,Core,New Territories,Website,4,626.38,frequent_recent
2025-02-09,ORD-100983,CUS-0060,Everyday Set,Core,Kowloon,Website,2,170.84,steady_repeat
2025-02-09,ORD-101521,CUS-0103,Starter Kit,Starter,Kowloon,Marketplace,4,191.93,steady_repeat
2025-02-09,ORD-102768,CUS-0309,Everyday Set,Core,Hong Kong,Mobile App,4,370.14,cooling
2025-02-09,RET-102729,CUS-0303,Starter Kit,Starter,Hong Kong,Return,-1,-35.13,cooling
2025-02-10,ORD-100258,CUS-0016,Starter Kit,Starter,New Territories,Marketplace,1,74.4,frequent_recent
2025-02-10,ORD-100360,CUS-0022,Premium Set,Premium,Hong Kong,Website,1,368.58,frequent_recent
2025-02-10,ORD-102075,CUS-0209,Starter Kit,Starter,Hong Kong,Website,3,279.09,lapsed_high_value
2025-02-10,ORD-102384,CUS-0233,Everyday Set,Core,New Territories,Marketplace,3,520.46,lapsed_high_value
2025-02-10,ORD-102425,CUS-0236,Everyday Set,Core,New Territories,Website,3,383.6,lapsed_high_value
2025-02-10,ORD-102715,CUS-0300,Starter Kit,Starter,Hong Kong,Marketplace,3,118.56,cooling
2025-02-10,ORD-102726,CUS-0302,Refill Pack,Consumables,Kowloon,Website,4,120.25,cooling
2025-02-10,ORD-102730,CUS-0303,Premium Set,Premium,Hong Kong,Website,4,669.14,cooling
2025-02-10,ORD-102777,CUS-0310,Refill Pack,Consumables,New Territories,Marketplace,2,40.77,cooling
2025-02-10,ORD-102835,CUS-0321,Starter Kit,Starter,Hong Kong,Website,3,103.74,cooling
2025-02-11,ORD-100361,CUS-0022,Everyday Set,Core,Hong Kong,Mobile App,3,456.96,frequent_recent
2025-02-11,ORD-100395,CUS-0024,Everyday Set,Core,Hong Kong,Website,3,429.54,frequent_recent
2025-02-11,ORD-100613,CUS-0036,Everyday Set,Core,Hong Kong,Website,3,551.11,frequent_recent
2025-02-11,ORD-101222,CUS-0079,Refill Pack,Consumables,New Territories,Marketplace,3,103.03,steady_repeat
2025-02-11,ORD-101405,CUS-0093,Starter Kit,Starter,Kowloon,Marketplace,3,114.32,steady_repeat
2025-02-11,ORD-101453,CUS-0097,Refill Pack,Consumables,New Territories,Marketplace,3,120.82,steady_repeat
2025-02-11,ORD-102401,CUS-0234,Everyday Set,Core,New Territories,Website,2,198.0,lapsed_high_value
2025-02-11,ORD-102758,CUS-0307,Everyday Set,Core,Kowloon,Mobile App,1,78.85,cooling
2025-02-12,ORD-100129,CUS-0008,Refill Pack,Consumables,International,Mobile App,1,58.21,frequent_recent
2025-02-12,ORD-100271,CUS-0017,Starter Kit,Starter,Kowloon,Marketplace,4,298.51,frequent_recent
2025-02-12,ORD-101168,CUS-0075,Premium Set,Premium,New Territories,Website,4,1020.01,steady_repeat
2025-02-12,ORD-101498,CUS-0101,Starter Kit,Starter,Kowloon,Mobile App,1,56.44,steady_repeat
2025-02-12,ORD-102007,CUS-0203,Starter Kit,Starter,Hong Kong,Marketplace,1,62.22,lapsed_high_value
2025-02-12,ORD-102185,CUS-0218,Everyday Set,Core,Hong Kong,Website,4,599.82,lapsed_high_value
2025-02-12,ORD-102372,CUS-0232,Premium Set,Premium,Hong Kong,Marketplace,3,781.41,lapsed_high_value
2025-02-12,ORD-102559,CUS-0247,Starter Kit,Starter,New Territories,Mobile App,2,147.81,lapsed_high_value
2025-02-12,ORD-102639,CUS-0271,Refill Pack,Consumables,Hong Kong,Website,4,76.1,inactive_low_value
2025-02-12,ORD-102648,CUS-0274,Everyday Set,Core,Hong Kong,Marketplace,3,224.81,inactive_low_value
2025-02-12,ORD-102698,CUS-0297,Everyday Set,Core,Hong Kong,Website,2,197.81,cooling
2025-02-13,ORD-100701,CUS-0041,Premium Set,Premium,Kowloon,Website,2,654.46,frequent_recent
2025-02-13,ORD-101587,CUS-0108,Starter Kit,Starter,Kowloon,Website,4,149.46,steady_repeat
2025-02-13,ORD-102402,CUS-0234,Everyday Set,Core,New Territories,Website,1,101.79,lapsed_high_value
2025-02-13,ORD-102640,CUS-0271,Premium Set,Premium,Hong Kong,Website,4,414.43,inactive_low_value
2025-02-14,ORD-100411,CUS-0025,Starter Kit,Starter,New Territories,Marketplace,3,188.37,frequent_recent
2025-02-14,ORD-100435,CUS-0026,Starter Kit,Starter,Hong Kong,Website,4,252.1,frequent_recent
2025-02-14,ORD-100487,CUS-0029,Premium Set,Premium,Hong Kong,Website,3,863.78,frequent_recent
2025-02-14,ORD-100835,CUS-0049,Premium Set,Premium,International,Marketplace,3,832.16,frequent_recent
2025-02-14,ORD-101211,CUS-0078,Everyday Set,Core,Hong Kong,Marketplace,1,113.89,steady_repeat
2025-02-14,ORD-102579,CUS-0249,Premium Set,Premium,Hong Kong,Website,4,953.04,lapsed_high_value
2025-02-14,ORD-102752,CUS-0306,Refill Pack,Consumables,New Territories,Mobile App,2,57.61,cooling
2025-02-15,ORD-100412,CUS-0025,Everyday Set,Core,New Territories,Website,3,397.42,frequent_recent
2025-02-15,ORD-100614,CUS-0036,Everyday Set,Core,Hong Kong,Website,2,287.53,frequent_recent
2025-02-15,ORD-100702,CUS-0041,Starter Kit,Starter,Kowloon,Marketplace,1,75.47,frequent_recent
2025-02-15,ORD-100773,CUS-0045,Refill Pack,Consumables,Kowloon,Website,2,91.64,frequent_recent
2025-02-15,ORD-100984,CUS-0060,Premium Set,Premium,Kowloon,Website,3,509.04,steady_repeat
2025-02-15,ORD-101008,CUS-0062,Starter Kit,Starter,Kowloon,Mobile App,4,183.91,steady_repeat
2025-02-15,ORD-101032,CUS-0064,Everyday Set,Core,Hong Kong,Marketplace,4,413.88,steady_repeat
2025-02-15,ORD-101117,CUS-0071,Refill Pack,Consumables,Kowloon,Mobile App,4,136.78,steady_repeat
2025-02-15,ORD-101563,CUS-0106,Refill Pack,Consumables,New Territories,Website,2,69.54,steady_repeat
2025-02-15,ORD-102150,CUS-0215,Everyday Set,Core,Hong Kong,Website,4,502.34,lapsed_high_value
2025-02-15,ORD-102403,CUS-0234,Everyday Set,Core,New Territories,Website,2,167.53,lapsed_high_value
2025-02-15,ORD-102609,CUS-0259,Everyday Set,Core,Kowloon,Mobile App,1,73.51,inactive_low_value
2025-02-16,ORD-100236,CUS-0014,Premium Set,Premium,New Territories,Website,1,255.71,frequent_recent
2025-02-16,ORD-100851,CUS-0050,Everyday Set,Core,Hong Kong,Website,4,534.16,frequent_recent
2025-02-16,ORD-101295,CUS-0085,Starter Kit,Starter,Hong Kong,Website,3,152.29,steady_repeat
2025-02-16,ORD-101321,CUS-0087,Everyday Set,Core,Hong Kong,Mobile App,4,363.51,steady_repeat
2025-02-16,ORD-101486,CUS-0100,Everyday Set,Core,New Territories,Website,4,360.88,steady_repeat
2025-02-16,ORD-102177,CUS-0217,Premium Set,Premium,Kowloon,Mobile App,4,1253.32,lapsed_high_value
2025-02-16,ORD-102303,CUS-0227,Everyday Set,Core,Kowloon,Mobile App,3,359.65,lapsed_high_value
2025-02-16,ORD-102466,CUS-0240,Refill Pack,Consumables,Kowloon,Website,4,209.82,lapsed_high_value
2025-02-16,ORD-102643,CUS-0272,Everyday Set,Core,Kowloon,Website,1,77.01,inactive_low_value
2025-02-16,ORD-102689,CUS-0296,Premium Set,Premium,Kowloon,Marketplace,2,335.29,cooling
2025-02-16,ORD-102792,CUS-0313,Starter Kit,Starter,New Territories,Website,4,203.96,cooling
2025-02-17,ORD-100413,CUS-0025,Refill Pack,Consumables,New Territories,Website,1,40.36,frequent_recent
2025-02-17,ORD-101023,CUS-0063,Refill Pack,Consumables,Hong Kong,Mobile App,3,139.91,steady_repeat
2025-02-17,ORD-102269,CUS-0224,Everyday Set,Core,Hong Kong,Website,3,491.98,lapsed_high_value
2025-02-18,ORD-100629,CUS-0037,Refill Pack,Consumables,New Territories,Website,3,168.55,frequent_recent
2025-02-18,ORD-100975,CUS-0059,Premium Set,Premium,Hong Kong,Website,2,400.16,steady_repeat
2025-02-18,ORD-102135,CUS-0214,Everyday Set,Core,Hong Kong,Website,2,278.65,lapsed_high_value
2025-02-18,ORD-102699,CUS-0297,Everyday Set,Core,Hong Kong,Mobile App,2,175.4,cooling
2025-02-18,ORD-102863,CUS-0325,Refill Pack,Consumables,Hong Kong,Mobile App,2,44.51,cooling
2025-02-19,ORD-101053,CUS-0066,Premium Set,Premium,New Territories,Mobile App,4,953.71,steady_repeat
2025-02-19,ORD-101169,CUS-0075,Everyday Set,Core,New Territories,Mobile App,1,121.49,steady_repeat
2025-02-19,ORD-101237,CUS-0080,Starter Kit,Starter,New Territories,Website,3,146.59,steady_repeat
2025-02-19,ORD-101441,CUS-0096,Starter Kit,Starter,Hong Kong,Marketplace,3,149.77,steady_repeat
2025-02-19,ORD-101499,CUS-0101,Refill Pack,Consumables,Kowloon,Website,2,74.49,steady_repeat
2025-02-19,ORD-102385,CUS-0233,Starter Kit,Starter,New Territories,Marketplace,2,157.93,lapsed_high_value
2025-02-19,ORD-102386,CUS-0233,Refill Pack,Consumables,New Territories,Marketplace,1,51.36,lapsed_high_value
2025-02-20,ORD-100322,CUS-0020,Everyday Set,Core,New Territories,Marketplace,3,519.41,frequent_recent
2025-02-20,ORD-100556,CUS-0033,Premium Set,Premium,Hong Kong,Marketplace,4,1473.27,frequent_recent
2025-02-20,ORD-101132,CUS-0072,Refill Pack,Consumables,Hong Kong,Website,4,181.7,steady_repeat
2025-02-20,ORD-101981,CUS-0201,Premium Set,Premium,Kowloon,Website,3,813.95,lapsed_high_value
2025-02-20,ORD-102505,CUS-0243,Everyday Set,Core,Kowloon,Marketplace,1,138.5,lapsed_high_value
2025-02-20,ORD-102745,CUS-0305,Premium Set,Premium,Hong Kong,Marketplace,4,690.87,cooling
2025-02-21,ORD-100787,CUS-0046,Starter Kit,Starter,International,Marketplace,1,59.92,frequent_recent
2025-02-21,ORD-101296,CUS-0085,Starter Kit,Starter,Hong Kong,Mobile App,1,39.79,steady_repeat
2025-02-21,ORD-101353,CUS-0089,Everyday Set,Core,International,Website,2,235.94,steady_repeat
2025-02-21,ORD-101500,CUS-0101,Everyday Set,Core,Kowloon,Website,3,339.02,steady_repeat
2025-02-21,ORD-101522,CUS-0103,Refill Pack,Consumables,Kowloon,Marketplace,3,88.83,steady_repeat
2025-02-22,ORD-100615,CUS-0036,Everyday Set,Core,Hong Kong,Website,2,335.21,frequent_recent
2025-02-22,ORD-100936,CUS-0056,Everyday Set,Core,Hong Kong,Website,2,189.98,steady_repeat
2025-02-22,ORD-100962,CUS-0058,Refill Pack,Consumables,Hong Kong,Marketplace,1,33.73,steady_repeat
2025-02-22,ORD-101982,CUS-0201,Refill Pack,Consumables,Kowloon,Website,2,115.87,lapsed_high_value
2025-02-23,ORD-100259,CUS-0016,Premium Set,Premium,New Territories,Mobile App,4,1021.42,frequent_recent
2025-02-23,ORD-100824,CUS-0048,Everyday Set,Core,International,Marketplace,1,158.08,frequent_recent
2025-02-23,ORD-100868,CUS-0051,Refill Pack,Consumables,International,Marketplace,2,120.56,frequent_recent
2025-02-24,ORD-100590,CUS-0035,Everyday Set,Core,Hong Kong,Website,4,700.94,frequent_recent
2025-02-24,ORD-101170,CUS-0075,Starter Kit,Starter,New Territories,Website,2,109.43,steady_repeat
2025-02-24,ORD-102186,CUS-0218,Everyday Set,Core,Hong Kong,Mobile App,3,438.18,lapsed_high_value
2025-02-24,ORD-102721,CUS-0301,Starter Kit,Starter,Kowloon,Marketplace,1,37.0,cooling
2025-02-24,ORD-102890,CUS-0329,Premium Set,Premium,Kowloon,Website,3,533.35,cooling
2025-02-25,ORD-100836,CUS-0049,Refill Pack,Consumables,International,Website,4,209.49,frequent_recent
2025-02-25,ORD-102051,CUS-0207,Starter Kit,Starter,New Territories,Marketplace,4,228.58,lapsed_high_value
2025-02-25,ORD-102087,CUS-0210,Starter Kit,Starter,Kowloon,Marketplace,3,247.25,lapsed_high_value
2025-02-25,RET-102136,CUS-0214,Everyday Set,Core,Hong Kong,Return,-1,-139.32,lapsed_high_value
2025-02-26,ORD-100414,CUS-0025,Premium Set,Premium,New Territories,Mobile App,2,520.8,frequent_recent
2025-02-26,ORD-100720,CUS-0042,Everyday Set,Core,New Territories,Website,3,343.24,frequent_recent
2025-02-26,ORD-100740,CUS-0043,Everyday Set,Core,Kowloon,Marketplace,3,418.34,frequent_recent
2025-02-26,ORD-101993,CUS-0202,Refill Pack,Consumables,Hong Kong,Website,4,177.92,lapsed_high_value
2025-02-26,ORD-102187,CUS-0218,Premium Set,Premium,Hong Kong,Website,3,919.36,lapsed_high_value
2025-02-26,ORD-102769,CUS-0309,Premium Set,Premium,Hong Kong,Website,2,317.89,cooling
2025-02-26,ORD-102847,CUS-0323,Premium Set,Premium,New Territories,Marketplace,2,338.52,cooling
2025-02-27,ORD-100006,CUS-0001,Everyday Set,Core,Hong Kong,Mobile App,1,155.31,frequent_recent
2025-02-27,ORD-100130,CUS-0008,Refill Pack,Consumables,International,Marketplace,1,58.58,frequent_recent
2025-02-27,ORD-101184,CUS-0076,Refill Pack,Consumables,International,Website,1,33.01,steady_repeat
2025-02-27,ORD-102178,CUS-0217,Starter Kit,Starter,Kowloon,Website,1,67.96,lapsed_high_value
2025-02-27,ORD-102255,CUS-0223,Everyday Set,Core,New Territories,Website,1,109.96,lapsed_high_value
2025-02-27,ORD-102821,CUS-0318,Everyday Set,Core,Hong Kong,Website,1,77.49,cooling
2025-02-27,RET-102506,CUS-0243,Everyday Set,Core,Kowloon,Return,-1,-138.5,lapsed_high_value
2025-02-28,ORD-102778,CUS-0310,Everyday Set,Core,New Territories,Marketplace,3,193.4,cooling
2025-02-28,RET-100788,CUS-0046,Starter Kit,Starter,International,Return,-1,-59.92,frequent_recent
2025-03-01,ORD-100093,CUS-0006,Everyday Set,Core,Hong Kong,Mobile App,2,291.3,frequent_recent
2025-03-01,ORD-100807,CUS-0047,Refill Pack,Consumables,Kowloon,Website,3,114.37,frequent_recent
2025-03-01,ORD-100852,CUS-0050,Everyday Set,Core,Hong Kong,Mobile App,2,303.4,frequent_recent
2025-03-01,ORD-100901,CUS-0053,Refill Pack,Consumables,New Territories,Website,1,30.78,steady_repeat
2025-03-01,ORD-102188,CUS-0218,Starter Kit,Starter,Hong Kong,Website,2,170.02,lapsed_high_value
2025-03-02,ORD-100378,CUS-0023,Premium Set,Premium,Hong Kong,Website,1,279.66,frequent_recent
2025-03-02,ORD-100396,CUS-0024,Premium Set,Premium,Hong Kong,Website,2,511.33,frequent_recent
2025-03-02,ORD-100503,CUS-0030,Refill Pack,Consumables,Hong Kong,Marketplace,2,80.09,frequent_recent
2025-03-02,ORD-101101,CUS-0070,Everyday Set,Core,Hong Kong,Marketplace,4,464.42,steady_repeat
2025-03-02,ORD-101425,CUS-0095,Premium Set,Premium,Hong Kong,Website,2,456.2,steady_repeat
2025-03-02,ORD-102161,CUS-0216,Everyday Set,Core,Kowloon,Website,2,195.98,lapsed_high_value
2025-03-02,ORD-102753,CUS-0306,Premium Set,Premium,New Territories,Website,4,747.16,cooling
2025-03-02,ORD-102784,CUS-0311,Refill Pack,Consumables,Hong Kong,Website,1,25.21,cooling
2025-03-03,ORD-100034,CUS-0003,Refill Pack,Consumables,New Territories,Marketplace,4,155.26,frequent_recent
2025-03-03,ORD-100153,CUS-0009,Everyday Set,Core,New Territories,Marketplace,1,135.63,frequent_recent
2025-03-03,ORD-100436,CUS-0026,Everyday Set,Core,Hong Kong,Marketplace,1,114.65,frequent_recent
2025-03-03,ORD-100488,CUS-0029,Starter Kit,Starter,Hong Kong,Marketplace,1,72.76,frequent_recent
2025-03-03,ORD-101335,CUS-0088,Everyday Set,Core,Kowloon,Marketplace,1,122.19,steady_repeat
2025-03-04,ORD-100757,CUS-0044,Starter Kit,Starter,Hong Kong,Website,1,60.5,frequent_recent
2025-03-04,ORD-100985,CUS-0060,Premium Set,Premium,Kowloon,Website,1,177.19,steady_repeat
2025-03-04,ORD-101102,CUS-0070,Everyday Set,Core,Hong Kong,Website,4,401.62,steady_repeat
2025-03-04,ORD-101118,CUS-0071,Premium Set,Premium,Kowloon,Marketplace,2,416.34,steady_repeat
2025-03-04,ORD-101417,CUS-0094,Everyday Set,Core,Kowloon,Website,1,103.56,steady_repeat
2025-03-04,ORD-102798,CUS-0314,Everyday Set,Core,Hong Kong,Marketplace,1,82.26,cooling
2025-03-05,ORD-100024,CUS-0002,Everyday Set,Core,Hong Kong,Website,3,539.14,frequent_recent
2025-03-05,ORD-100291,CUS-0018,Starter Kit,Starter,International,Website,1,100.59,frequent_recent
2025-03-05,ORD-100825,CUS-0048,Starter Kit,Starter,International,Website,2,133.55,frequent_recent
2025-03-05,ORD-101309,CUS-0086,Everyday Set,Core,Hong Kong,Marketplace,1,113.71,steady_repeat
2025-03-05,ORD-101426,CUS-0095,Starter Kit,Starter,Hong Kong,Website,2,134.76,steady_repeat
2025-03-05,ORD-102128,CUS-0213,Everyday Set,Core,International,Website,2,270.28,lapsed_high_value
2025-03-05,ORD-102549,CUS-0246,Starter Kit,Starter,International,Website,4,208.37,lapsed_high_value
2025-03-05,ORD-102875,CUS-0327,Starter Kit,Starter,International,Marketplace,2,61.13,cooling
2025-03-05,RET-101994,CUS-0202,Refill Pack,Consumables,Hong Kong,Return,-1,-44.48,lapsed_high_value
2025-03-06,ORD-100007,CUS-0001,Premium Set,Premium,Hong Kong,Marketplace,2,601.85,frequent_recent
2025-03-06,ORD-100644,CUS-0038,Premium Set,Premium,New Territories,Website,2,602.91,frequent_recent
2025-03-06,ORD-100837,CUS-0049,Starter Kit,Starter,International,Website,1,84.8,frequent_recent
2025-03-06,ORD-101199,CUS-0077,Everyday Set,Core,Kowloon,Marketplace,4,431.44,steady_repeat
2025-03-06,ORD-101487,CUS-0100,Starter Kit,Starter,New Territories,Mobile App,3,145.46,steady_repeat
2025-03-06,ORD-102031,CUS-0205,Premium Set,Premium,International,Website,1,305.41,lapsed_high_value
2025-03-06,ORD-102831,CUS-0320,Premium Set,Premium,Hong Kong,Mobile App,4,689.3,cooling
2025-03-06,RET-102256,CUS-0223,Everyday Set,Core,New Territories,Return,-1,-109.96,lapsed_high_value
2025-03-07,ORD-100437,CUS-0026,Everyday Set,Core,Hong Kong,Website,2,232.24,frequent_recent
2025-03-07,ORD-100591,CUS-0035,Refill Pack,Consumables,Hong Kong,Marketplace,2,100.86,frequent_recent
2025-03-07,ORD-100758,CUS-0044,Everyday Set,Core,Hong Kong,Website,4,602.87,frequent_recent
2025-03-07,ORD-101033,CUS-0064,Refill Pack,Consumables,Hong Kong,Website,4,150.36,steady_repeat
2025-03-07,ORD-101564,CUS-0106,Starter Kit,Starter,New Territories,Website,2,98.7,steady_repeat
2025-03-08,ORD-100362,CUS-0022,Refill Pack,Consumables,Hong Kong,Website,2,137.17,frequent_recent
2025-03-08,ORD-100838,CUS-0049,Everyday Set,Core,International,Marketplace,1,137.76,frequent_recent
2025-03-08,ORD-101079,CUS-0068,Refill Pack,Consumables,Kowloon,Website,4,133.5,steady_repeat
2025-03-08,ORD-101336,CUS-0088,Refill Pack,Consumables,Kowloon,Website,4,164.42,steady_repeat
2025-03-08,ORD-101378,CUS-0091,Refill Pack,Consumables,New Territories,Website,2,65.22,steady_repeat
2025-03-08,ORD-102883,CUS-0328,Refill Pack,Consumables,Kowloon,Marketplace,4,114.51,cooling
2025-03-09,ORD-100345,CUS-0021,Starter Kit,Starter,Hong Kong,Mobile App,4,319.44,frequent_recent
2025-03-09,ORD-101337,CUS-0088,Refill Pack,Consumables,Kowloon,Website,1,44.31,steady_repeat
2025-03-09,ORD-102108,CUS-0212,Starter Kit,Starter,Kowloon,Website,2,141.05,lapsed_high_value
2025-03-10,ORD-100292,CUS-0018,Everyday Set,Core,International,Marketplace,1,172.06,frequent_recent
2025-03-10,ORD-100574,CUS-0034,Starter Kit,Starter,International,Website,4,260.58,frequent_recent
2025-03-10,ORD-101238,CUS-0080,Refill Pack,Consumables,New Territories,Website,4,104.49,steady_repeat
2025-03-10,ORD-102848,CUS-0323,Refill Pack,Consumables,New Territories,Marketplace,4,136.43,cooling
2025-03-11,ORD-100592,CUS-0035,Refill Pack,Consumables,Hong Kong,Mobile App,2,120.76,frequent_recent
2025-03-11,ORD-101354,CUS-0089,Everyday Set,Core,International,Marketplace,4,466.09,steady_repeat
2025-03-11,ORD-102770,CUS-0309,Refill Pack,Consumables,Hong Kong,Marketplace,4,143.04,cooling
2025-03-12,ORD-100168,CUS-0010,Refill Pack,Consumables,Kowloon,Marketplace,3,179.67,frequent_recent
2025-03-12,ORD-100206,CUS-0012,Refill Pack,Consumables,New Territories,Website,1,67.5,frequent_recent
2025-03-12,ORD-100379,CUS-0023,Everyday Set,Core,Hong Kong,Marketplace,4,583.68,frequent_recent
2025-03-12,ORD-101171,CUS-0075,Refill Pack,Consumables,New Territories,Website,1,41.16,steady_repeat
2025-03-12,ORD-101355,CUS-0089,Refill Pack,Consumables,International,Website,4,158.04,steady_repeat
2025-03-12,ORD-102653,CUS-0277,Everyday Set,Core,Kowloon,Mobile App,2,123.57,inactive_low_value
2025-03-13,ORD-100323,CUS-0020,Premium Set,Premium,New Territories,Marketplace,4,1511.7,frequent_recent
2025-03-13,ORD-101277,CUS-0083,Starter Kit,Starter,New Territories,Mobile App,4,196.51,steady_repeat
2025-03-13,ORD-102237,CUS-0222,Premium Set,Premium,Hong Kong,Website,4,753.22,lapsed_high_value
2025-03-13,ORD-102603,CUS-0257,Premium Set,Premium,Hong Kong,Marketplace,4,531.99,inactive_low_value
2025-03-14,ORD-100025,CUS-0002,Refill Pack,Consumables,Hong Kong,Mobile App,2,111.39,frequent_recent
2025-03-14,ORD-101200,CUS-0077,Everyday Set,Core,Kowloon,Website,1,101.21,steady_repeat
2025-03-14,ORD-101454,CUS-0097,Refill Pack,Consumables,New Territories,Website,1,31.66,steady_repeat
2025-03-14,ORD-102560,CUS-0247,Everyday Set,Core,New Territories,Website,3,441.8,lapsed_high_value
2025-03-14,ORD-102811,CUS-0316,Starter Kit,Starter,Hong Kong,Website,4,141.55,cooling
2025-03-15,ORD-100616,CUS-0036,Everyday Set,Core,Hong Kong,Website,2,349.5,frequent_recent
2025-03-15,ORD-101044,CUS-0065,Everyday Set,Core,Kowloon,Marketplace,3,344.46,steady_repeat
2025-03-15,ORD-101322,CUS-0087,Refill Pack,Consumables,Hong Kong,Marketplace,2,54.68,steady_repeat
2025-03-15,ORD-102676,CUS-0290,Everyday Set,Core,International,Mobile App,3,189.27,inactive_low_value
2025-03-16,ORD-100869,CUS-0051,Starter Kit,Starter,International,Website,4,392.81,frequent_recent
2025-03-16,ORD-102019,CUS-0204,Starter Kit,Starter,Kowloon,Website,4,218.72,lapsed_high_value
2025-03-16,ORD-102270,CUS-0224,Everyday Set,Core,Hong Kong,Website,4,639.54,lapsed_high_value
2025-03-16,ORD-102536,CUS-0245,Everyday Set,Core,International,Mobile App,4,654.86,lapsed_high_value
2025-03-16,ORD-102836,CUS-0321,Refill Pack,Consumables,Hong Kong,Marketplace,2,56.64,cooling
2025-03-16,ORD-102884,CUS-0328,Everyday Set,Core,Kowloon,Website,4,244.47,cooling
2025-03-17,ORD-100075,CUS-0005,Starter Kit,Starter,International,Website,1,96.44,frequent_recent
2025-03-17,ORD-100415,CUS-0025,Starter Kit,Starter,New Territories,Website,4,251.73,frequent_recent
2025-03-17,ORD-100703,CUS-0041,Refill Pack,Consumables,Kowloon,Marketplace,1,62.36,frequent_recent
2025-03-17,ORD-101119,CUS-0071,Everyday Set,Core,Kowloon,Website,4,444.36,steady_repeat
2025-03-17,ORD-101278,CUS-0083,Starter Kit,Starter,New Territories,Website,2,107.53,steady_repeat
2025-03-17,ORD-101279,CUS-0083,Everyday Set,Core,New Territories,Website,1,91.63,steady_repeat
2025-03-17,ORD-101310,CUS-0086,Everyday Set,Core,Hong Kong,Mobile App,1,106.32,steady_repeat
2025-03-17,ORD-101418,CUS-0094,Starter Kit,Starter,Kowloon,Marketplace,2,127.6,steady_repeat
2025-03-17,RET-101239,CUS-0080,Refill Pack,Consumables,New Territories,Return,-1,-26.12,steady_repeat
2025-03-18,ORD-100522,CUS-0031,Premium Set,Premium,New Territories,Marketplace,4,858.9,frequent_recent
2025-03-18,ORD-100759,CUS-0044,Starter Kit,Starter,Hong Kong,Marketplace,4,299.57,frequent_recent
2025-03-18,ORD-100789,CUS-0046,Everyday Set,Core,International,Website,1,124.41,frequent_recent
2025-03-18,ORD-101552,CUS-0105,Starter Kit,Starter,Kowloon,Mobile App,1,46.73,steady_repeat
2025-03-18,ORD-102491,CUS-0242,Everyday Set,Core,International,Marketplace,1,135.86,lapsed_high_value
2025-03-18,ORD-102871,CUS-0326,Starter Kit,Starter,New Territories,Mobile App,4,144.95,cooling
2025-03-19,ORD-100417,CUS-0025,Starter Kit,Starter,New Territories,Marketplace,4,306.23,frequent_recent
2025-03-19,ORD-100808,CUS-0047,Starter Kit,Starter,Kowloon,Marketplace,3,193.48,frequent_recent
2025-03-20,ORD-100305,CUS-0019,Premium Set,Premium,Kowloon,Website,4,1264.24,frequent_recent
2025-03-20,ORD-100809,CUS-0047,Starter Kit,Starter,Kowloon,Marketplace,2,132.66,frequent_recent
2025-03-20,ORD-101054,CUS-0066,Refill Pack,Consumables,New Territories,Mobile App,4,151.01,steady_repeat
2025-03-20,ORD-102205,CUS-0219,Starter Kit,Starter,New Territories,Mobile App,3,197.78,lapsed_high_value
2025-03-21,ORD-100324,CUS-0020,Refill Pack,Consumables,New Territories,Mobile App,2,130.44,frequent_recent
2025-03-21,ORD-100630,CUS-0037,Starter Kit,Starter,New Territories,Marketplace,3,237.38,frequent_recent
2025-03-21,ORD-101565,CUS-0106,Everyday Set,Core,New Territories,Website,3,279.31,steady_repeat
2025-03-21,ORD-102373,CUS-0232,Everyday Set,Core,Hong Kong,Website,2,262.36,lapsed_high_value
2025-03-22,ORD-101379,CUS-0091,Everyday Set,Core,New Territories,Mobile App,1,96.86,steady_repeat
2025-03-23,ORD-100094,CUS-0006,Everyday Set,Core,Hong Kong,Website,2,385.75,frequent_recent
2025-03-23,ORD-100438,CUS-0026,Starter Kit,Starter,Hong Kong,Marketplace,2,132.46,frequent_recent
2025-03-23,ORD-100466,CUS-0028,Starter Kit,Starter,Kowloon,Website,1,65.5,frequent_recent
2025-03-23,ORD-101406,CUS-0093,Everyday Set,Core,Kowloon,Website,1,84.45,steady_repeat
2025-03-23,ORD-102189,CUS-0218,Premium Set,Premium,Hong Kong,Website,4,1148.78,lapsed_high_value
2025-03-23,ORD-102771,CUS-0309,Starter Kit,Starter,Hong Kong,Website,4,217.07,cooling
2025-03-24,ORD-100207,CUS-0012,Starter Kit,Starter,New Territories,Mobile App,1,77.62,frequent_recent
2025-03-24,ORD-100325,CUS-0020,Starter Kit,Starter,New Territories,Mobile App,1,99.43,frequent_recent
2025-03-24,ORD-100721,CUS-0042,Starter Kit,Starter,New Territories,Marketplace,4,252.9,frequent_recent
2025-03-24,ORD-100810,CUS-0047,Everyday Set,Core,Kowloon,Marketplace,1,130.49,frequent_recent
2025-03-24,ORD-101395,CUS-0092,Everyday Set,Core,International,Mobile App,1,111.4,steady_repeat
2025-03-24,ORD-101477,CUS-0099,Everyday Set,Core,New Territories,Website,2,217.5,steady_repeat
2025-03-24,ORD-101523,CUS-0103,Premium Set,Premium,Kowloon,Website,1,180.99,steady_repeat
2025-03-24,ORD-102722,CUS-0301,Everyday Set,Core,Kowloon,Website,2,150.68,cooling
2025-03-24,ORD-102772,CUS-0309,Premium Set,Premium,Hong Kong,Website,4,779.1,cooling
2025-03-24,RET-100416,CUS-0025,Starter Kit,Starter,New Territories,Return,-1,-62.93,frequent_recent
2025-03-25,ORD-100219,CUS-0013,Everyday Set,Core,Hong Kong,Mobile App,2,279.11,frequent_recent
2025-03-25,ORD-100760,CUS-0044,Everyday Set,Core,Hong Kong,Website,1,128.64,frequent_recent
2025-03-25,ORD-100922,CUS-0055,Refill Pack,Consumables,International,Website,4,157.28,steady_repeat
2025-03-25,ORD-101576,CUS-0107,Everyday Set,Core,Hong Kong,Website,4,491.63,steady_repeat
2025-03-26,ORD-100095,CUS-0006,Everyday Set,Core,Hong Kong,Mobile App,4,659.18,frequent_recent
2025-03-26,ORD-100183,CUS-0011,Starter Kit,Starter,New Territories,Website,3,274.56,frequent_recent
2025-03-26,ORD-100704,CUS-0041,Premium Set,Premium,Kowloon,Website,2,726.89,frequent_recent
2025-03-26,ORD-101380,CUS-0091,Refill Pack,Consumables,New Territories,Marketplace,4,142.28,steady_repeat
2025-03-26,ORD-102507,CUS-0243,Everyday Set,Core,Kowloon,Marketplace,2,286.32,lapsed_high_value
2025-03-26,ORD-102806,CUS-0315,Starter Kit,Starter,International,Website,2,75.68,cooling
2025-03-27,ORD-100008,CUS-0001,Everyday Set,Core,Hong Kong,Website,2,308.48,frequent_recent
2025-03-27,ORD-100881,CUS-0052,Refill Pack,Consumables,Hong Kong,Marketplace,4,236.9,frequent_recent
2025-03-28,ORD-100882,CUS-0052,Refill Pack,Consumables,Hong Kong,Mobile App,3,148.2,frequent_recent
2025-03-28,ORD-100963,CUS-0058,Premium Set,Premium,Hong Kong,Website,3,540.72,steady_repeat
2025-03-28,ORD-101524,CUS-0103,Starter Kit,Starter,Kowloon,Website,1,40.85,steady_repeat
2025-03-28,ORD-102319,CUS-0228,Everyday Set,Core,New Territories,Mobile App,1,155.91,lapsed_high_value
2025-03-28,RET-101566,CUS-0106,Everyday Set,Core,New Territories,Return,-1,-93.1,steady_repeat
2025-03-29,ORD-100076,CUS-0005,Everyday Set,Core,International,Marketplace,2,343.01,frequent_recent
2025-03-29,ORD-100363,CUS-0022,Premium Set,Premium,Hong Kong,Mobile App,3,1117.68,frequent_recent
2025-03-29,ORD-101143,CUS-0073,Starter Kit,Starter,Hong Kong,Website,3,115.34,steady_repeat
2025-03-29,ORD-101297,CUS-0085,Everyday Set,Core,Hong Kong,Website,4,363.77,steady_repeat
2025-03-29,ORD-101427,CUS-0095,Premium Set,Premium,Hong Kong,Marketplace,1,199.04,steady_repeat
2025-03-29,ORD-101536,CUS-0104,Starter Kit,Starter,Hong Kong,Website,3,115.87,steady_repeat
2025-03-30,ORD-100220,CUS-0013,Everyday Set,Core,Hong Kong,Website,4,507.62,frequent_recent
2025-03-30,ORD-100237,CUS-0014,Premium Set,Premium,New Territories,Marketplace,3,801.33,frequent_recent
2025-03-30,ORD-100260,CUS-0016,Refill Pack,Consumables,New Territories,Mobile App,3,146.58,frequent_recent
2025-03-30,ORD-100261,CUS-0016,Everyday Set,Core,New Territories,Website,1,140.56,frequent_recent
2025-03-30,ORD-100870,CUS-0051,Premium Set,Premium,International,Website,1,389.21,frequent_recent
2025-03-30,ORD-102238,CUS-0222,Everyday Set,Core,Hong Kong,Mobile App,4,436.02,lapsed_high_value
2025-03-30,ORD-102271,CUS-0224,Everyday Set,Core,Hong Kong,Website,3,486.99,lapsed_high_value
2025-03-30,RET-102190,CUS-0218,Premium Set,Premium,Hong Kong,Return,-1,-287.2,lapsed_high_value
2025-03-31,ORD-100009,CUS-0001,Everyday Set,Core,Hong Kong,Website,2,368.71,frequent_recent
2025-03-31,ORD-100026,CUS-0002,Premium Set,Premium,Hong Kong,Website,2,692.66,frequent_recent
2025-03-31,ORD-100131,CUS-0008,Everyday Set,Core,International,Website,1,161.32,frequent_recent
2025-03-31,ORD-100741,CUS-0043,Refill Pack,Consumables,Kowloon,Marketplace,2,98.07,frequent_recent
2025-03-31,ORD-101268,CUS-0082,Everyday Set,Core,Hong Kong,Website,3,240.32,steady_repeat
2025-03-31,ORD-101512,CUS-0102,Refill Pack,Consumables,Kowloon,Website,2,64.75,steady_repeat
2025-03-31,ORD-102052,CUS-0207,Refill Pack,Consumables,New Territories,Mobile App,2,82.43,lapsed_high_value
2025-03-31,ORD-102282,CUS-0225,Everyday Set,Core,Hong Kong,Website,2,261.26,lapsed_high_value
2025-03-31,ORD-102812,CUS-0316,Refill Pack,Consumables,Hong Kong,Marketplace,2,54.64,cooling
2025-04-01,ORD-100306,CUS-0019,Refill Pack,Consumables,Kowloon,Website,4,190.46,frequent_recent
2025-04-01,ORD-101223,CUS-0079,Everyday Set,Core,New Territories,Website,4,412.18,steady_repeat
2025-04-01,ORD-101356,CUS-0089,Premium Set,Premium,International,Marketplace,4,1056.42,steady_repeat
2025-04-02,ORD-100418,CUS-0025,Everyday Set,Core,New Territories,Website,1,143.67,frequent_recent
2025-04-02,ORD-101366,CUS-0090,Refill Pack,Consumables,New Territories,Website,2,69.34,steady_repeat
2025-04-02,ORD-101983,CUS-0201,Everyday Set,Core,Kowloon,Website,2,360.03,lapsed_high_value
2025-04-02,RET-100096,CUS-0006,Everyday Set,Core,Hong Kong,Return,-1,-164.79,frequent_recent
2025-04-03,ORD-100272,CUS-0017,Starter Kit,Starter,Kowloon,Website,4,328.15,frequent_recent
2025-04-03,ORD-100853,CUS-0050,Starter Kit,Starter,Hong Kong,Mobile App,2,162.43,frequent_recent
2025-04-03,ORD-101045,CUS-0065,Everyday Set,Core,Kowloon,Website,4,413.53,steady_repeat
2025-04-03,ORD-101323,CUS-0087,Premium Set,Premium,Hong Kong,Mobile App,2,362.79,steady_repeat
2025-04-03,ORD-102109,CUS-0212,Everyday Set,Core,Kowloon,Website,3,430.0,lapsed_high_value
2025-04-03,ORD-102433,CUS-0237,Starter Kit,Starter,International,Website,1,60.96,lapsed_high_value
2025-04-04,ORD-101464,CUS-0098,Everyday Set,Core,New Territories,Website,1,96.23,steady_repeat
2025-04-04,ORD-102426,CUS-0236,Starter Kit,Starter,New Territories,Website,3,202.47,lapsed_high_value
2025-04-04,ORD-102444,CUS-0238,Premium Set,Premium,New Territories,Marketplace,4,815.19,lapsed_high_value
2025-04-05,ORD-100451,CUS-0027,Everyday Set,Core,Kowloon,Website,2,360.71,frequent_recent
2025-04-05,ORD-100452,CUS-0027,Everyday Set,Core,Kowloon,Website,1,189.72,frequent_recent
2025-04-05,ORD-101120,CUS-0071,Starter Kit,Starter,Kowloon,Website,2,107.39,steady_repeat
2025-04-05,ORD-101144,CUS-0073,Refill Pack,Consumables,Hong Kong,Website,2,56.3,steady_repeat
2025-04-05,ORD-101280,CUS-0083,Everyday Set,Core,New Territories,Marketplace,2,191.02,steady_repeat
2025-04-05,ORD-101465,CUS-0098,Refill Pack,Consumables,New Territories,Website,2,66.42,steady_repeat
2025-04-06,ORD-100364,CUS-0022,Everyday Set,Core,Hong Kong,Website,1,171.77,frequent_recent
2025-04-06,ORD-100593,CUS-0035,Everyday Set,Core,Hong Kong,Website,3,530.92,frequent_recent
2025-04-06,ORD-102218,CUS-0220,Starter Kit,Starter,Kowloon,Mobile App,4,305.78,lapsed_high_value
2025-04-07,ORD-100027,CUS-0002,Premium Set,Premium,Hong Kong,Marketplace,4,1242.16,frequent_recent
2025-04-07,ORD-100575,CUS-0034,Everyday Set,Core,International,Website,1,94.47,frequent_recent
2025-04-07,ORD-100594,CUS-0035,Everyday Set,Core,Hong Kong,Marketplace,4,684.29,frequent_recent
2025-04-07,ORD-101567,CUS-0106,Refill Pack,Consumables,New Territories,Marketplace,1,36.51,steady_repeat
2025-04-07,ORD-102568,CUS-0248,Starter Kit,Starter,Hong Kong,Marketplace,3,261.3,lapsed_high_value
2025-04-07,RET-102283,CUS-0225,Everyday Set,Core,Hong Kong,Return,-1,-130.63,lapsed_high_value
2025-04-08,ORD-100523,CUS-0031,Everyday Set,Core,New Territories,Website,3,322.26,frequent_recent
2025-04-08,ORD-100544,CUS-0032,Starter Kit,Starter,Kowloon,Mobile App,2,152.86,frequent_recent
2025-04-08,ORD-100811,CUS-0047,Everyday Set,Core,Kowloon,Marketplace,3,322.27,frequent_recent
2025-04-08,ORD-100902,CUS-0053,Starter Kit,Starter,New Territories,Mobile App,2,91.26,steady_repeat
2025-04-08,ORD-100976,CUS-0059,Premium Set,Premium,Hong Kong,Mobile App,3,640.31,steady_repeat
2025-04-08,ORD-100997,CUS-0061,Refill Pack,Consumables,Kowloon,Marketplace,1,33.11,steady_repeat
2025-04-08,ORD-101240,CUS-0080,Refill Pack,Consumables,New Territories,Website,2,60.04,steady_repeat
2025-04-08,ORD-101311,CUS-0086,Refill Pack,Consumables,Hong Kong,Website,1,33.67,steady_repeat
2025-04-08,ORD-102110,CUS-0212,Refill Pack,Consumables,Kowloon,Mobile App,2,94.41,lapsed_high_value
2025-04-09,ORD-100489,CUS-0029,Refill Pack,Consumables,Hong Kong,Website,3,122.44,frequent_recent
2025-04-09,ORD-100937,CUS-0056,Everyday Set,Core,Hong Kong,Marketplace,3,282.8,steady_repeat
2025-04-09,ORD-100948,CUS-0057,Premium Set,Premium,Hong Kong,Website,2,425.89,steady_repeat
2025-04-09,ORD-101553,CUS-0105,Premium Set,Premium,Kowloon,Website,2,368.55,steady_repeat
2025-04-09,ORD-102508,CUS-0243,Starter Kit,Starter,Kowloon,Mobile App,2,136.34,lapsed_high_value
2025-04-10,ORD-100467,CUS-0028,Premium Set,Premium,Kowloon,Mobile App,1,298.97,frequent_recent
2025-04-10,ORD-100665,CUS-0039,Starter Kit,Starter,Hong Kong,Website,2,181.59,frequent_recent
2025-04-10,ORD-100986,CUS-0060,Everyday Set,Core,Kowloon,Website,3,274.77,steady_repeat
2025-04-10,ORD-101488,CUS-0100,Everyday Set,Core,New Territories,Website,3,236.97,steady_repeat
2025-04-10,ORD-102239,CUS-0222,Everyday Set,Core,Hong Kong,Website,2,195.91,lapsed_high_value
2025-04-10,ORD-102891,CUS-0329,Everyday Set,Core,Kowloon,Mobile App,4,356.39,cooling
2025-04-11,ORD-100346,CUS-0021,Everyday Set,Core,Hong Kong,Mobile App,2,380.25,frequent_recent
2025-04-11,ORD-101103,CUS-0070,Everyday Set,Core,Hong Kong,Marketplace,1,85.13,steady_repeat
2025-04-11,ORD-101286,CUS-0084,Everyday Set,Core,Hong Kong,Website,1,83.63,steady_repeat
2025-04-11,ORD-101984,CUS-0201,Premium Set,Premium,Kowloon,Website,3,952.62,lapsed_high_value
2025-04-11,ORD-102293,CUS-0226,Refill Pack,Consumables,International,Website,2,101.91,lapsed_high_value
2025-04-11,ORD-102434,CUS-0237,Premium Set,Premium,International,Website,1,238.45,lapsed_high_value
2025-04-11,ORD-102700,CUS-0297,Starter Kit,Starter,Hong Kong,Marketplace,4,168.94,cooling
2025-04-11,RET-102445,CUS-0238,Premium Set,Premium,New Territories,Return,-1,-203.8,lapsed_high_value
2025-04-12,ORD-100077,CUS-0005,Everyday Set,Core,International,Marketplace,4,697.93,frequent_recent
2025-04-12,ORD-100490,CUS-0029,Premium Set,Premium,Hong Kong,Website,2,516.72,frequent_recent
2025-04-12,ORD-101357,CUS-0089,Starter Kit,Starter,International,Website,1,61.29,steady_repeat
2025-04-12,ORD-102096,CUS-0211,Refill Pack,Consumables,New Territories,Mobile App,4,189.88,lapsed_high_value
2025-04-12,ORD-102706,CUS-0298,Premium Set,Premium,Kowloon,Website,4,734.83,cooling
2025-04-13,ORD-100184,CUS-0011,Premium Set,Premium,New Territories,Mobile App,2,638.24,frequent_recent
2025-04-13,ORD-101224,CUS-0079,Refill Pack,Consumables,New Territories,Marketplace,2,69.7,steady_repeat
2025-04-14,ORD-102742,CUS-0304,Starter Kit,Starter,New Territories,Website,2,71.85,cooling
2025-04-15,ORD-100154,CUS-0009,Everyday Set,Core,New Territories,Marketplace,4,513.24,frequent_recent
2025-04-15,ORD-100504,CUS-0030,Everyday Set,Core,Hong Kong,Website,2,208.78,frequent_recent
2025-04-15,ORD-100557,CUS-0033,Starter Kit,Starter,Hong Kong,Marketplace,3,259.2,frequent_recent
2025-04-15,ORD-100987,CUS-0060,Everyday Set,Core,Kowloon,Website,1,87.24,steady_repeat
2025-04-15,ORD-101381,CUS-0091,Starter Kit,Starter,New Territories,Marketplace,4,228.02,steady_repeat
2025-04-15,ORD-102111,CUS-0212,Everyday Set,Core,Kowloon,Website,1,130.47,lapsed_high_value
2025-04-15,RET-100545,CUS-0032,Starter Kit,Starter,Kowloon,Return,-1,-76.43,frequent_recent
2025-04-15,RET-101241,CUS-0080,Refill Pack,Consumables,New Territories,Return,-1,-30.02,steady_repeat
2025-04-16,ORD-100221,CUS-0013,Premium Set,Premium,Hong Kong,Website,2,437.37,frequent_recent
2025-04-16,ORD-100761,CUS-0044,Starter Kit,Starter,Hong Kong,Marketplace,1,63.98,frequent_recent
2025-04-16,ORD-101225,CUS-0079,Everyday Set,Core,New Territories,Mobile App,4,446.27,steady_repeat
2025-04-16,ORD-101466,CUS-0098,Starter Kit,Starter,New Territories,Marketplace,3,148.99,steady_repeat
2025-04-16,ORD-102112,CUS-0212,Everyday Set,Core,Kowloon,Mobile App,1,154.91,lapsed_high_value
2025-04-17,ORD-101537,CUS-0104,Refill Pack,Consumables,Hong Kong,Website,2,55.7,steady_repeat
2025-04-17,ORD-102347,CUS-0230,Premium Set,Premium,Kowloon,Website,4,1025.45,lapsed_high_value
2025-04-18,ORD-102842,CUS-0322,Everyday Set,Core,Kowloon,Marketplace,4,344.33,cooling
2025-04-19,ORD-100051,CUS-0004,Everyday Set,Core,International,Marketplace,1,148.53,frequent_recent
2025-04-19,ORD-100078,CUS-0005,Refill Pack,Consumables,International,Marketplace,2,137.26,frequent_recent
2025-04-19,ORD-100222,CUS-0013,Starter Kit,Starter,Hong Kong,Mobile App,3,195.14,frequent_recent
2025-04-19,ORD-100854,CUS-0050,Everyday Set,Core,Hong Kong,Website,4,620.73,frequent_recent
2025-04-19,ORD-101009,CUS-0062,Refill Pack,Consumables,Kowloon,Mobile App,4,109.33,steady_repeat
2025-04-19,ORD-101145,CUS-0073,Refill Pack,Consumables,Hong Kong,Marketplace,4,121.37,steady_repeat
2025-04-19,ORD-101554,CUS-0105,Everyday Set,Core,Kowloon,Website,3,263.01,steady_repeat
2025-04-19,ORD-102746,CUS-0305,Everyday Set,Core,Hong Kong,Marketplace,4,343.51,cooling
2025-04-20,ORD-100546,CUS-0032,Starter Kit,Starter,Kowloon,Marketplace,4,289.04,frequent_recent
2025-04-20,ORD-101242,CUS-0080,Everyday Set,Core,New Territories,Mobile App,4,320.71,steady_repeat
2025-04-20,ORD-101367,CUS-0090,Everyday Set,Core,New Territories,Website,4,359.16,steady_repeat
2025-04-20,ORD-101428,CUS-0095,Starter Kit,Starter,Hong Kong,Website,3,190.73,steady_repeat
2025-04-20,ORD-102853,CUS-0324,Starter Kit,Starter,Kowloon,Marketplace,2,87.89,cooling
2025-04-21,ORD-100035,CUS-0003,Refill Pack,Consumables,New Territories,Marketplace,1,39.63,frequent_recent
2025-04-21,ORD-100036,CUS-0003,Starter Kit,Starter,New Territories,Website,4,258.67,frequent_recent
2025-04-21,ORD-100273,CUS-0017,Premium Set,Premium,Kowloon,Marketplace,1,295.92,frequent_recent
2025-04-21,ORD-100812,CUS-0047,Everyday Set,Core,Kowloon,Website,1,113.37,frequent_recent
2025-04-21,ORD-101010,CUS-0062,Premium Set,Premium,Kowloon,Website,2,363.49,steady_repeat
2025-04-21,ORD-101478,CUS-0099,Everyday Set,Core,New Territories,Website,1,113.73,steady_repeat
2025-04-21,ORD-101588,CUS-0108,Starter Kit,Starter,Kowloon,Website,2,90.01,steady_repeat
2025-04-21,ORD-102374,CUS-0232,Refill Pack,Consumables,Hong Kong,Marketplace,2,98.88,lapsed_high_value
2025-04-21,ORD-102411,CUS-0235,Refill Pack,Consumables,New Territories,Website,3,138.82,lapsed_high_value
2025-04-21,ORD-102799,CUS-0314,Premium Set,Premium,Hong Kong,Marketplace,4,832.88,cooling
2025-04-22,ORD-100028,CUS-0002,Everyday Set,Core,Hong Kong,Website,4,791.57,frequent_recent
2025-04-22,ORD-100576,CUS-0034,Refill Pack,Consumables,International,Website,4,192.59,frequent_recent
2025-04-22,ORD-100722,CUS-0042,Everyday Set,Core,New Territories,Website,4,512.55,frequent_recent
2025-04-22,ORD-101034,CUS-0064,Everyday Set,Core,Hong Kong,Marketplace,3,365.11,steady_repeat
2025-04-22,ORD-101368,CUS-0090,Starter Kit,Starter,New Territories,Website,1,46.01,steady_repeat
2025-04-22,ORD-102716,CUS-0300,Premium Set,Premium,Hong Kong,Website,1,173.8,cooling
2025-04-23,ORD-101577,CUS-0107,Everyday Set,Core,Hong Kong,Marketplace,4,509.79,steady_repeat
2025-04-23,ORD-102113,CUS-0212,Starter Kit,Starter,Kowloon,Marketplace,1,65.7,lapsed_high_value
2025-04-23,ORD-102872,CUS-0326,Starter Kit,Starter,New Territories,Marketplace,2,84.47,cooling
2025-04-24,ORD-100037,CUS-0003,Everyday Set,Core,New Territories,Marketplace,1,125.1,frequent_recent
2025-04-24,ORD-100397,CUS-0024,Refill Pack,Consumables,Hong Kong,Mobile App,4,169.32,frequent_recent
2025-04-24,ORD-100595,CUS-0035,Refill Pack,Consumables,Hong Kong,Marketplace,4,244.93,frequent_recent
2025-04-24,ORD-101055,CUS-0066,Starter Kit,Starter,New Territories,Marketplace,3,172.16,steady_repeat
2025-04-24,ORD-101104,CUS-0070,Premium Set,Premium,Hong Kong,Marketplace,1,211.44,steady_repeat
2025-04-24,ORD-102800,CUS-0314,Everyday Set,Core,Hong Kong,Marketplace,2,164.09,cooling
2025-04-25,ORD-100524,CUS-0031,Starter Kit,Starter,New Territories,Website,1,54.43,frequent_recent
2025-04-25,ORD-101172,CUS-0075,Refill Pack,Consumables,New Territories,Marketplace,1,40.55,steady_repeat
2025-04-25,ORD-101455,CUS-0097,Premium Set,Premium,New Territories,Website,1,178.9,steady_repeat
2025-04-25,ORD-102707,CUS-0298,Starter Kit,Starter,Kowloon,Mobile App,2,110.45,cooling
2025-04-26,ORD-100365,CUS-0022,Starter Kit,Starter,Hong Kong,Mobile App,2,182.38,frequent_recent
2025-04-26,ORD-101201,CUS-0077,Starter Kit,Starter,Kowloon,Mobile App,4,230.58,steady_repeat
2025-04-26,ORD-101601,CUS-0109,Starter Kit,Starter,Hong Kong,Website,4,263.78,steady_repeat
2025-04-26,ORD-102294,CUS-0226,Starter Kit,Starter,International,Website,1,75.88,lapsed_high_value
2025-04-26,ORD-102517,CUS-0244,Everyday Set,Core,Kowloon,Website,1,162.77,lapsed_high_value
2025-04-26,ORD-102785,CUS-0311,Starter Kit,Starter,Hong Kong,Mobile App,2,61.24,cooling
2025-04-27,ORD-100491,CUS-0029,Everyday Set,Core,Hong Kong,Marketplace,1,121.69,frequent_recent
2025-04-27,ORD-102137,CUS-0214,Starter Kit,Starter,Hong Kong,Website,4,330.1,lapsed_high_value
2025-04-27,ORD-102375,CUS-0232,Everyday Set,Core,Hong Kong,Website,4,503.37,lapsed_high_value
2025-04-27,ORD-102387,CUS-0233,Refill Pack,Consumables,New Territories,Website,2,113.26,lapsed_high_value
2025-04-27,ORD-102467,CUS-0240,Starter Kit,Starter,Kowloon,Mobile App,2,164.89,lapsed_high_value
2025-04-28,ORD-100439,CUS-0026,Refill Pack,Consumables,Hong Kong,Marketplace,2,68.95,frequent_recent
2025-04-29,ORD-100380,CUS-0023,Starter Kit,Starter,Hong Kong,Marketplace,1,80.75,frequent_recent
2025-04-29,ORD-100666,CUS-0039,Starter Kit,Starter,Hong Kong,Marketplace,1,93.16,frequent_recent
2025-04-29,ORD-100774,CUS-0045,Everyday Set,Core,Kowloon,Website,2,253.56,frequent_recent
2025-04-29,ORD-100988,CUS-0060,Refill Pack,Consumables,Kowloon,Mobile App,2,60.73,steady_repeat
2025-04-29,ORD-101338,CUS-0088,Refill Pack,Consumables,Kowloon,Mobile App,1,41.03,steady_repeat
2025-04-29,ORD-101578,CUS-0107,Everyday Set,Core,Hong Kong,Website,4,500.08,steady_repeat
2025-04-29,ORD-102779,CUS-0310,Premium Set,Premium,New Territories,Website,2,264.34,cooling
2025-04-30,ORD-100682,CUS-0040,Refill Pack,Consumables,Kowloon,Website,1,51.41,frequent_recent
2025-04-30,ORD-100776,CUS-0045,Premium Set,Premium,Kowloon,Marketplace,3,864.47,frequent_recent
2025-04-30,ORD-101056,CUS-0066,Starter Kit,Starter,New Territories,Website,4,222.05,steady_repeat
2025-04-30,ORD-101281,CUS-0083,Premium Set,Premium,New Territories,Marketplace,1,215.84,steady_repeat
2025-04-30,ORD-102020,CUS-0204,Everyday Set,Core,Kowloon,Website,2,239.83,lapsed_high_value
2025-04-30,ORD-102162,CUS-0216,Starter Kit,Starter,Kowloon,Website,4,224.66,lapsed_high_value
2025-04-30,ORD-102388,CUS-0233,Refill Pack,Consumables,New Territories,Website,1,57.72,lapsed_high_value
2025-05-01,ORD-100723,CUS-0042,Everyday Set,Core,New Territories,Website,3,374.07,frequent_recent
2025-05-01,ORD-101212,CUS-0078,Everyday Set,Core,Hong Kong,Website,4,453.44,steady_repeat
2025-05-01,ORD-102389,CUS-0233,Starter Kit,Starter,New Territories,Website,4,304.61,lapsed_high_value
2025-05-01,ORD-102864,CUS-0325,Premium Set,Premium,Hong Kong,Marketplace,4,572.57,cooling
2025-05-02,ORD-100052,CUS-0004,Refill Pack,Consumables,International,Website,1,60.69,frequent_recent
2025-05-02,ORD-100617,CUS-0036,Everyday Set,Core,Hong Kong,Website,2,324.76,frequent_recent
2025-05-02,ORD-100964,CUS-0058,Premium Set,Premium,Hong Kong,Website,2,376.06,steady_repeat
2025-05-02,ORD-101057,CUS-0066,Everyday Set,Core,New Territories,Marketplace,4,442.41,steady_repeat
2025-05-02,ORD-101525,CUS-0103,Refill Pack,Consumables,Kowloon,Marketplace,2,69.0,steady_repeat
2025-05-02,ORD-102780,CUS-0310,Refill Pack,Consumables,New Territories,Website,2,43.99,cooling
2025-05-03,ORD-100038,CUS-0003,Refill Pack,Consumables,New Territories,Website,2,83.54,frequent_recent
2025-05-03,ORD-100274,CUS-0017,Refill Pack,Consumables,Kowloon,Website,1,44.83,frequent_recent
2025-05-03,ORD-101202,CUS-0077,Starter Kit,Starter,Kowloon,Website,4,205.5,steady_repeat
2025-05-03,ORD-102304,CUS-0227,Refill Pack,Consumables,Kowloon,Website,2,88.79,lapsed_high_value
2025-05-03,ORD-102348,CUS-0230,Starter Kit,Starter,Kowloon,Mobile App,3,187.03,lapsed_high_value
2025-05-03,ORD-102708,CUS-0298,Refill Pack,Consumables,Kowloon,Marketplace,4,122.34,cooling
2025-05-04,ORD-102240,CUS-0222,Refill Pack,Consumables,Hong Kong,Mobile App,2,66.41,lapsed_high_value
2025-05-05,ORD-100839,CUS-0049,Starter Kit,Starter,International,Website,2,163.18,frequent_recent
2025-05-06,ORD-100079,CUS-0005,Everyday Set,Core,International,Website,3,545.26,frequent_recent
2025-05-06,ORD-100080,CUS-0005,Everyday Set,Core,International,Website,2,372.77,frequent_recent
2025-05-06,ORD-100132,CUS-0008,Refill Pack,Consumables,International,Mobile App,4,224.48,frequent_recent
2025-05-06,ORD-100208,CUS-0012,Starter Kit,Starter,New Territories,Website,3,300.38,frequent_recent
2025-05-06,ORD-100505,CUS-0030,Starter Kit,Starter,Hong Kong,Website,1,61.84,frequent_recent
2025-05-06,ORD-100871,CUS-0051,Everyday Set,Core,International,Marketplace,1,172.04,frequent_recent
2025-05-06,ORD-101339,CUS-0088,Everyday Set,Core,Kowloon,Mobile App,2,252.24,steady_repeat
2025-05-06,RET-100775,CUS-0045,Everyday Set,Core,Kowloon,Return,-1,-126.78,frequent_recent
2025-05-07,ORD-100381,CUS-0023,Premium Set,Premium,Hong Kong,Mobile App,3,952.01,frequent_recent
2025-05-07,ORD-100840,CUS-0049,Premium Set,Premium,International,Marketplace,1,284.47,frequent_recent
2025-05-07,ORD-101058,CUS-0066,Everyday Set,Core,New Territories,Marketplace,2,241.64,steady_repeat
2025-05-07,ORD-101243,CUS-0080,Everyday Set,Core,New Territories,Website,3,260.4,steady_repeat
2025-05-07,ORD-102163,CUS-0216,Everyday Set,Core,Kowloon,Website,1,117.21,lapsed_high_value
2025-05-07,ORD-102191,CUS-0218,Starter Kit,Starter,Hong Kong,Mobile App,4,343.23,lapsed_high_value
2025-05-07,ORD-102801,CUS-0314,Starter Kit,Starter,Hong Kong,Website,2,100.21,cooling
2025-05-08,ORD-100326,CUS-0020,Everyday Set,Core,New Territories,Website,2,368.27,frequent_recent
2025-05-08,ORD-100683,CUS-0040,Starter Kit,Starter,Kowloon,Website,1,81.34,frequent_recent
2025-05-08,ORD-101091,CUS-0069,Premium Set,Premium,Kowloon,Mobile App,4,887.5,steady_repeat
2025-05-08,ORD-101092,CUS-0069,Everyday Set,Core,Kowloon,Website,3,391.95,steady_repeat
2025-05-08,ORD-101340,CUS-0088,Everyday Set,Core,Kowloon,Marketplace,4,415.09,steady_repeat
2025-05-08,ORD-101612,CUS-0110,Everyday Set,Core,International,Website,3,247.11,steady_repeat
2025-05-08,ORD-102412,CUS-0235,Everyday Set,Core,New Territories,Marketplace,4,453.42,lapsed_high_value
2025-05-08,ORD-102807,CUS-0315,Everyday Set,Core,International,Website,1,71.8,cooling
2025-05-09,ORD-100097,CUS-0006,Everyday Set,Core,Hong Kong,Marketplace,3,506.22,frequent_recent
2025-05-09,ORD-101324,CUS-0087,Refill Pack,Consumables,Hong Kong,Marketplace,3,87.73,steady_repeat
2025-05-09,ORD-102569,CUS-0248,Everyday Set,Core,Hong Kong,Website,4,603.06,lapsed_high_value
2025-05-10,ORD-100114,CUS-0007,Starter Kit,Starter,New Territories,Website,2,119.0,frequent_recent
2025-05-10,ORD-100185,CUS-0011,Premium Set,Premium,New Territories,Website,3,854.52,frequent_recent
2025-05-10,ORD-100307,CUS-0019,Premium Set,Premium,Kowloon,Website,4,1180.23,frequent_recent
2025-05-10,ORD-101203,CUS-0077,Starter Kit,Starter,Kowloon,Marketplace,1,56.17,steady_repeat
2025-05-10,ORD-101204,CUS-0077,Refill Pack,Consumables,Kowloon,Marketplace,1,36.32,steady_repeat
2025-05-10,ORD-101429,CUS-0095,Starter Kit,Starter,Hong Kong,Marketplace,2,127.64,steady_repeat
2025-05-10,RET-100275,CUS-0017,Refill Pack,Consumables,Kowloon,Return,-1,-44.83,frequent_recent
2025-05-11,ORD-100053,CUS-0004,Starter Kit,Starter,International,Website,3,198.37,frequent_recent
2025-05-11,ORD-101613,CUS-0110,Premium Set,Premium,International,Marketplace,4,766.77,steady_repeat
2025-05-12,ORD-100382,CUS-0023,Everyday Set,Core,Hong Kong,Mobile App,2,309.2,frequent_recent
2025-05-12,ORD-100762,CUS-0044,Refill Pack,Consumables,Hong Kong,Website,4,178.71,frequent_recent
2025-05-12,ORD-100965,CUS-0058,Everyday Set,Core,Hong Kong,Marketplace,3,258.13,steady_repeat
2025-05-12,ORD-102837,CUS-0321,Premium Set,Premium,Hong Kong,Website,4,643.78,cooling
2025-05-13,ORD-100949,CUS-0057,Starter Kit,Starter,Hong Kong,Website,1,58.26,steady_repeat
2025-05-13,ORD-101213,CUS-0078,Starter Kit,Starter,Hong Kong,Marketplace,1,65.48,steady_repeat
2025-05-13,ORD-101369,CUS-0090,Everyday Set,Core,New Territories,Mobile App,3,297.36,steady_repeat
2025-05-13,ORD-102164,CUS-0216,Starter Kit,Starter,Kowloon,Marketplace,2,110.46,lapsed_high_value
2025-05-13,ORD-102509,CUS-0243,Everyday Set,Core,Kowloon,Website,4,599.91,lapsed_high_value
2025-05-13,ORD-102876,CUS-0327,Everyday Set,Core,International,Website,4,239.55,cooling
2025-05-14,ORD-100398,CUS-0024,Starter Kit,Starter,Hong Kong,Website,4,238.51,frequent_recent
2025-05-14,ORD-101011,CUS-0062,Refill Pack,Consumables,Kowloon,Website,1,31.84,steady_repeat
2025-05-14,ORD-102754,CUS-0306,Everyday Set,Core,New Territories,Website,2,159.18,cooling
2025-05-15,ORD-100399,CUS-0024,Refill Pack,Consumables,Hong Kong,Mobile App,2,101.84,frequent_recent
2025-05-15,ORD-100492,CUS-0029,Premium Set,Premium,Hong Kong,Website,3,728.66,frequent_recent
2025-05-15,ORD-100667,CUS-0039,Everyday Set,Core,Hong Kong,Website,2,352.04,frequent_recent
2025-05-15,ORD-100668,CUS-0039,Everyday Set,Core,Hong Kong,Marketplace,3,521.04,frequent_recent
2025-05-15,ORD-101579,CUS-0107,Everyday Set,Core,Hong Kong,Website,3,336.84,steady_repeat
2025-05-15,ORD-102755,CUS-0306,Premium Set,Premium,New Territories,Marketplace,1,169.75,cooling
2025-05-15,ORD-102793,CUS-0313,Everyday Set,Core,New Territories,Marketplace,4,376.74,cooling
2025-05-16,ORD-101173,CUS-0075,Everyday Set,Core,New Territories,Mobile App,3,337.3,steady_repeat
2025-05-16,RET-102570,CUS-0248,Everyday Set,Core,Hong Kong,Return,-1,-150.76,lapsed_high_value
2025-05-17,ORD-100238,CUS-0014,Everyday Set,Core,New Territories,Marketplace,4,571.86,frequent_recent
2025-05-17,ORD-100631,CUS-0037,Everyday Set,Core,New Territories,Website,3,560.56,frequent_recent
2025-05-17,ORD-100645,CUS-0038,Refill Pack,Consumables,New Territories,Mobile App,2,122.91,frequent_recent
2025-05-17,ORD-100742,CUS-0043,Everyday Set,Core,Kowloon,Website,1,132.99,frequent_recent
2025-05-17,ORD-101396,CUS-0092,Refill Pack,Consumables,International,Marketplace,4,136.5,steady_repeat
2025-05-17,ORD-101538,CUS-0104,Everyday Set,Core,Hong Kong,Website,1,89.58,steady_repeat
2025-05-17,ORD-102179,CUS-0217,Premium Set,Premium,Kowloon,Website,2,609.55,lapsed_high_value
2025-05-17,ORD-102763,CUS-0308,Starter Kit,Starter,Kowloon,Mobile App,1,35.82,cooling
2025-05-18,ORD-100493,CUS-0029,Everyday Set,Core,Hong Kong,Website,2,254.04,frequent_recent
2025-05-18,ORD-100558,CUS-0033,Everyday Set,Core,Hong Kong,Mobile App,4,666.52,frequent_recent
2025-05-18,ORD-100951,CUS-0057,Everyday Set,Core,Hong Kong,Website,2,210.63,steady_repeat
2025-05-18,ORD-101251,CUS-0081,Starter Kit,Starter,Kowloon,Website,3,164.99,steady_repeat
2025-05-18,ORD-102492,CUS-0242,Starter Kit,Starter,International,Mobile App,3,216.16,lapsed_high_value
2025-05-18,ORD-102701,CUS-0297,Everyday Set,Core,Hong Kong,Mobile App,4,369.73,cooling
2025-05-18,ORD-102892,CUS-0329,Starter Kit,Starter,Kowloon,Marketplace,2,100.18,cooling
2025-05-19,ORD-100308,CUS-0019,Everyday Set,Core,Kowloon,Website,1,149.29,frequent_recent
2025-05-19,ORD-101325,CUS-0087,Everyday Set,Core,Hong Kong,Mobile App,3,234.97,steady_repeat
2025-05-19,ORD-102284,CUS-0225,Premium Set,Premium,Hong Kong,Mobile App,4,961.19,lapsed_high_value
2025-05-20,ORD-100855,CUS-0050,Everyday Set,Core,Hong Kong,Marketplace,4,601.22,frequent_recent
2025-05-20,ORD-100903,CUS-0053,Starter Kit,Starter,New Territories,Website,1,50.93,steady_repeat
2025-05-20,ORD-100952,CUS-0057,Starter Kit,Starter,Hong Kong,Website,1,53.22,steady_repeat
2025-05-20,ORD-101046,CUS-0065,Premium Set,Premium,Kowloon,Website,4,897.35,steady_repeat
2025-05-20,RET-100950,CUS-0057,Starter Kit,Starter,Hong Kong,Return,-1,-58.26,steady_repeat
2025-05-21,ORD-100239,CUS-0014,Everyday Set,Core,New Territories,Marketplace,4,572.84,frequent_recent
2025-05-21,ORD-100309,CUS-0019,Everyday Set,Core,Kowloon,Website,4,536.08,frequent_recent
2025-05-21,ORD-100763,CUS-0044,Everyday Set,Core,Hong Kong,Mobile App,3,371.83,frequent_recent
2025-05-21,ORD-101035,CUS-0064,Refill Pack,Consumables,Hong Kong,Website,1,36.48,steady_repeat
2025-05-21,ORD-102043,CUS-0206,Refill Pack,Consumables,New Territories,Mobile App,1,47.89,lapsed_high_value
2025-05-21,ORD-102151,CUS-0215,Everyday Set,Core,Hong Kong,Website,3,429.58,lapsed_high_value
2025-05-22,ORD-100743,CUS-0043,Premium Set,Premium,Kowloon,Marketplace,4,1065.73,frequent_recent
2025-05-22,ORD-102021,CUS-0204,Refill Pack,Consumables,Kowloon,Marketplace,3,133.16,lapsed_high_value
2025-05-22,RET-101580,CUS-0107,Everyday Set,Core,Hong Kong,Return,-1,-112.28,steady_repeat
2025-05-23,ORD-100494,CUS-0029,Starter Kit,Starter,Hong Kong,Website,4,285.43,frequent_recent
2025-05-23,ORD-100744,CUS-0043,Starter Kit,Starter,Kowloon,Marketplace,3,214.65,frequent_recent
2025-05-23,ORD-102832,CUS-0320,Refill Pack,Consumables,Hong Kong,Website,2,64.58,cooling
2025-05-24,ORD-100115,CUS-0007,Premium Set,Premium,New Territories,Marketplace,3,734.78,frequent_recent
2025-05-24,ORD-100618,CUS-0036,Refill Pack,Consumables,Hong Kong,Website,3,192.54,frequent_recent
2025-05-24,ORD-100826,CUS-0048,Everyday Set,Core,International,Website,4,488.86,frequent_recent
2025-05-24,ORD-101501,CUS-0101,Everyday Set,Core,Kowloon,Marketplace,2,230.05,steady_repeat
2025-05-24,ORD-101876,CUS-0155,Everyday Set,Core,Hong Kong,Website,3,323.85,growing
2025-05-24,ORD-102727,CUS-0302,Everyday Set,Core,Kowloon,Marketplace,1,91.52,cooling
2025-05-25,RET-102493,CUS-0242,Starter Kit,Starter,International,Return,-1,-72.05,lapsed_high_value
2025-05-25,RET-102702,CUS-0297,Everyday Set,Core,Hong Kong,Return,-1,-92.43,cooling
2025-05-27,ORD-101133,CUS-0072,Refill Pack,Consumables,Hong Kong,Website,1,43.06,steady_repeat
2025-05-27,ORD-101185,CUS-0076,Premium Set,Premium,International,Marketplace,3,618.15,steady_repeat
2025-05-27,ORD-101269,CUS-0082,Everyday Set,Core,Hong Kong,Website,4,355.16,steady_repeat
2025-05-27,ORD-101602,CUS-0109,Everyday Set,Core,Hong Kong,Mobile App,3,354.44,steady_repeat
2025-05-27,ORD-101798,CUS-0141,Premium Set,Premium,Kowloon,Mobile App,3,494.29,growing
2025-05-27,ORD-102764,CUS-0308,Refill Pack,Consumables,Kowloon,Website,3,73.48,cooling
2025-05-27,ORD-102825,CUS-0319,Starter Kit,Starter,Hong Kong,Website,1,44.15,cooling
2025-05-28,ORD-100977,CUS-0059,Everyday Set,Core,Hong Kong,Website,4,404.07,steady_repeat
2025-05-28,ORD-101555,CUS-0105,Refill Pack,Consumables,Kowloon,Mobile App,1,30.46,steady_repeat
2025-05-28,ORD-101821,CUS-0146,Everyday Set,Core,New Territories,Website,3,285.64,growing
2025-05-28,ORD-102690,CUS-0296,Everyday Set,Core,Kowloon,Marketplace,4,320.35,cooling
2025-05-28,ORD-102765,CUS-0308,Refill Pack,Consumables,Kowloon,Marketplace,1,27.21,cooling
2025-05-29,ORD-101526,CUS-0103,Starter Kit,Starter,Kowloon,Mobile App,4,168.87,steady_repeat
2025-05-29,ORD-101539,CUS-0104,Starter Kit,Starter,Hong Kong,Marketplace,2,101.17,steady_repeat
2025-05-29,ORD-102717,CUS-0300,Everyday Set,Core,Hong Kong,Marketplace,4,329.36,cooling
2025-05-30,ORD-100966,CUS-0058,Starter Kit,Starter,Hong Kong,Marketplace,1,46.17,steady_repeat
2025-05-30,ORD-101513,CUS-0102,Everyday Set,Core,Kowloon,Marketplace,4,338.0,steady_repeat
2025-05-30,ORD-102759,CUS-0307,Starter Kit,Starter,Kowloon,Marketplace,1,46.58,cooling
2025-05-31,ORD-100276,CUS-0017,Everyday Set,Core,Kowloon,Mobile App,3,470.75,frequent_recent
2025-05-31,ORD-100468,CUS-0028,Everyday Set,Core,Kowloon,Website,3,415.45,frequent_recent
2025-05-31,ORD-102833,CUS-0320,Everyday Set,Core,Hong Kong,Marketplace,3,241.12,cooling
2025-06-01,ORD-100223,CUS-0013,Premium Set,Premium,Hong Kong,Website,2,520.11,frequent_recent
2025-06-01,ORD-100525,CUS-0031,Everyday Set,Core,New Territories,Website,1,128.36,frequent_recent
2025-06-01,ORD-101686,CUS-0123,Refill Pack,Consumables,Hong Kong,Website,1,40.85,growing
2025-06-01,ORD-102518,CUS-0244,Everyday Set,Core,Kowloon,Website,4,667.43,lapsed_high_value
2025-06-01,ORD-102731,CUS-0303,Refill Pack,Consumables,Hong Kong,Website,2,47.67,cooling
2025-06-02,ORD-100133,CUS-0008,Premium Set,Premium,International,Website,1,333.34,frequent_recent
2025-06-02,ORD-101065,CUS-0067,Starter Kit,Starter,Kowloon,Mobile App,1,53.76,steady_repeat
2025-06-02,ORD-101604,CUS-0109,Everyday Set,Core,Hong Kong,Marketplace,4,502.42,steady_repeat
2025-06-03,ORD-100327,CUS-0020,Everyday Set,Core,New Territories,Marketplace,1,173.36,frequent_recent
2025-06-03,ORD-100366,CUS-0022,Everyday Set,Core,Hong Kong,Website,4,684.91,frequent_recent
2025-06-03,ORD-101655,CUS-0117,Premium Set,Premium,New Territories,Website,4,988.51,growing
2025-06-03,ORD-102838,CUS-0321,Starter Kit,Starter,Hong Kong,Mobile App,2,74.5,cooling
2025-06-03,RET-101603,CUS-0109,Everyday Set,Core,Hong Kong,Return,-1,-118.15,steady_repeat
2025-06-04,ORD-100224,CUS-0013,Everyday Set,Core,Hong Kong,Marketplace,3,397.91,frequent_recent
2025-06-04,ORD-101121,CUS-0071,Refill Pack,Consumables,Kowloon,Mobile App,2,75.76,steady_repeat
2025-06-04,ORD-101146,CUS-0073,Everyday Set,Core,Hong Kong,Mobile App,2,181.85,steady_repeat
2025-06-04,ORD-101479,CUS-0099,Starter Kit,Starter,New Territories,Website,3,175.52,steady_repeat
2025-06-04,ORD-101822,CUS-0146,Starter Kit,Starter,New Territories,Website,4,218.99,growing
2025-06-04,ORD-102873,CUS-0326,Everyday Set,Core,New Territories,Marketplace,4,268.95,cooling
2025-06-05,ORD-100453,CUS-0027,Everyday Set,Core,Kowloon,Website,2,319.29,frequent_recent
2025-06-05,ORD-100469,CUS-0028,Everyday Set,Core,Kowloon,Website,1,142.75,frequent_recent
2025-06-05,ORD-100790,CUS-0046,Everyday Set,Core,International,Marketplace,1,131.81,frequent_recent
2025-06-05,ORD-101765,CUS-0135,Starter Kit,Starter,Hong Kong,Marketplace,4,149.57,growing
2025-06-06,ORD-100039,CUS-0003,Premium Set,Premium,New Territories,Marketplace,3,690.65,frequent_recent
2025-06-06,ORD-100791,CUS-0046,Everyday Set,Core,International,Website,3,426.91,frequent_recent
2025-06-06,ORD-100856,CUS-0050,Refill Pack,Consumables,Hong Kong,Website,2,90.66,frequent_recent
2025-06-06,ORD-101080,CUS-0068,Starter Kit,Starter,Kowloon,Mobile App,2,96.04,steady_repeat
2025-06-06,ORD-102822,CUS-0318,Everyday Set,Core,Hong Kong,Mobile App,2,172.25,cooling
2025-06-06,RET-102760,CUS-0307,Starter Kit,Starter,Kowloon,Return,-1,-46.58,cooling
2025-06-07,ORD-100883,CUS-0052,Starter Kit,Starter,Hong Kong,Website,2,185.96,frequent_recent
2025-06-07,ORD-100904,CUS-0053,Refill Pack,Consumables,New Territories,Marketplace,4,156.38,steady_repeat
2025-06-07,ORD-101147,CUS-0073,Starter Kit,Starter,Hong Kong,Marketplace,1,43.48,steady_repeat
2025-06-07,ORD-101681,CUS-0122,Premium Set,Premium,Hong Kong,Marketplace,1,171.04,growing
2025-06-07,ORD-101801,CUS-0142,Starter Kit,Starter,Kowloon,Mobile App,1,43.04,growing
2025-06-07,ORD-102893,CUS-0329,Everyday Set,Core,Kowloon,Mobile App,4,315.15,cooling
2025-06-08,ORD-102219,CUS-0220,Starter Kit,Starter,Kowloon,Marketplace,4,290.22,lapsed_high_value
2025-06-08,ORD-102789,CUS-0312,Refill Pack,Consumables,Hong Kong,Mobile App,4,91.6,cooling
2025-06-09,ORD-100383,CUS-0023,Premium Set,Premium,Hong Kong,Marketplace,1,301.74,frequent_recent
2025-06-09,ORD-100745,CUS-0043,Everyday Set,Core,Kowloon,Marketplace,3,401.43,frequent_recent
2025-06-09,ORD-101036,CUS-0064,Everyday Set,Core,Hong Kong,Marketplace,4,463.14,steady_repeat
2025-06-09,ORD-101726,CUS-0129,Starter Kit,Starter,Kowloon,Website,2,91.44,growing
2025-06-09,ORD-101903,CUS-0160,Premium Set,Premium,New Territories,Marketplace,1,127.98,growing
2025-06-09,ORD-101923,CUS-0164,Everyday Set,Core,Hong Kong,Website,4,449.06,growing
2025-06-10,ORD-100440,CUS-0026,Refill Pack,Consumables,Hong Kong,Website,2,89.41,frequent_recent
2025-06-10,ORD-101456,CUS-0097,Everyday Set,Core,New Territories,Mobile App,3,312.23,steady_repeat
2025-06-10,ORD-101741,CUS-0131,Refill Pack,Consumables,Hong Kong,Marketplace,2,56.3,growing
2025-06-11,ORD-100155,CUS-0009,Premium Set,Premium,New Territories,Marketplace,2,496.92,frequent_recent
2025-06-11,ORD-100400,CUS-0024,Starter Kit,Starter,Hong Kong,Marketplace,4,250.98,frequent_recent
2025-06-11,ORD-100470,CUS-0028,Refill Pack,Consumables,Kowloon,Marketplace,1,47.23,frequent_recent
2025-06-11,ORD-100526,CUS-0031,Everyday Set,Core,New Territories,Website,1,115.93,frequent_recent
2025-06-11,ORD-100559,CUS-0033,Everyday Set,Core,Hong Kong,Website,4,660.82,frequent_recent
2025-06-11,ORD-101066,CUS-0067,Premium Set,Premium,Kowloon,Website,4,664.57,steady_repeat
2025-06-11,ORD-101502,CUS-0101,Everyday Set,Core,Kowloon,Marketplace,1,128.92,steady_repeat
2025-06-11,ORD-101758,CUS-0134,Refill Pack,Consumables,Hong Kong,Website,4,162.4,growing
2025-06-11,ORD-102781,CUS-0310,Everyday Set,Core,New Territories,Website,3,194.51,cooling
2025-06-11,ORD-102823,CUS-0318,Starter Kit,Starter,Hong Kong,Website,4,195.77,cooling
2025-06-11,RET-101480,CUS-0099,Starter Kit,Starter,New Territories,Return,-1,-58.51,steady_repeat
2025-06-12,ORD-100040,CUS-0003,Premium Set,Premium,New Territories,Website,3,627.22,frequent_recent
2025-06-12,ORD-100619,CUS-0036,Everyday Set,Core,Hong Kong,Website,2,339.12,frequent_recent
2025-06-12,ORD-101134,CUS-0072,Everyday Set,Core,Hong Kong,Mobile App,3,362.47,steady_repeat
2025-06-12,ORD-101514,CUS-0102,Starter Kit,Starter,Kowloon,Website,3,133.98,steady_repeat
2025-06-12,ORD-101527,CUS-0103,Premium Set,Premium,Kowloon,Mobile App,4,784.09,steady_repeat
2025-06-13,ORD-100328,CUS-0020,Refill Pack,Consumables,New Territories,Marketplace,3,197.47,frequent_recent
2025-06-13,ORD-100967,CUS-0058,Everyday Set,Core,Hong Kong,Marketplace,1,102.9,steady_repeat
2025-06-13,ORD-101662,CUS-0118,Refill Pack,Consumables,Hong Kong,Mobile App,1,43.48,growing
2025-06-13,RET-100792,CUS-0046,Everyday Set,Core,International,Return,-1,-142.3,frequent_recent
2025-06-14,ORD-100596,CUS-0035,Everyday Set,Core,Hong Kong,Website,3,551.79,frequent_recent
2025-06-14,ORD-102899,CUS-0330,Refill Pack,Consumables,New Territories,Marketplace,2,42.45,cooling
2025-06-15,ORD-101186,CUS-0076,Everyday Set,Core,International,Marketplace,3,325.09,steady_repeat
2025-06-15,ORD-101656,CUS-0117,Everyday Set,Core,New Territories,Marketplace,1,114.56,growing
2025-06-15,ORD-101672,CUS-0120,Everyday Set,Core,New Territories,Website,2,203.15,growing
2025-06-15,ORD-101838,CUS-0149,Starter Kit,Starter,New Territories,Marketplace,3,170.76,growing
2025-06-15,ORD-101904,CUS-0160,Starter Kit,Starter,New Territories,Website,1,40.98,growing
2025-06-15,ORD-101911,CUS-0162,Everyday Set,Core,International,Website,1,111.64,growing
2025-06-15,ORD-102220,CUS-0220,Starter Kit,Starter,Kowloon,Website,3,206.6,lapsed_high_value
2025-06-15,ORD-102743,CUS-0304,Everyday Set,Core,New Territories,Mobile App,1,58.99,cooling
2025-06-15,ORD-102808,CUS-0315,Premium Set,Premium,International,Website,2,266.23,cooling
2025-06-16,ORD-100560,CUS-0033,Premium Set,Premium,Hong Kong,Website,2,680.3,frequent_recent
2025-06-16,ORD-100577,CUS-0034,Starter Kit,Starter,International,Marketplace,1,71.45,frequent_recent
2025-06-16,ORD-100841,CUS-0049,Everyday Set,Core,International,Mobile App,2,288.67,frequent_recent
2025-06-16,ORD-102435,CUS-0237,Starter Kit,Starter,International,Marketplace,4,245.78,lapsed_high_value
2025-06-16,ORD-102732,CUS-0303,Refill Pack,Consumables,Hong Kong,Mobile App,4,101.02,cooling
2025-06-16,ORD-102813,CUS-0316,Refill Pack,Consumables,Hong Kong,Website,1,23.98,cooling
2025-06-17,ORD-102790,CUS-0312,Starter Kit,Starter,Hong Kong,Marketplace,1,35.39,cooling
2025-06-18,ORD-100547,CUS-0032,Refill Pack,Consumables,Kowloon,Marketplace,4,177.0,frequent_recent
2025-06-18,ORD-101467,CUS-0098,Starter Kit,Starter,New Territories,Website,2,111.15,steady_repeat
2025-06-18,ORD-101581,CUS-0107,Everyday Set,Core,Hong Kong,Marketplace,4,426.9,steady_repeat
2025-06-18,ORD-102044,CUS-0206,Premium Set,Premium,New Territories,Website,3,624.86,lapsed_high_value
2025-06-18,RET-100471,CUS-0028,Refill Pack,Consumables,Kowloon,Return,-1,-47.23,frequent_recent
2025-06-19,ORD-100169,CUS-0010,Everyday Set,Core,Kowloon,Marketplace,4,599.2,frequent_recent
2025-06-19,ORD-100170,CUS-0010,Premium Set,Premium,Kowloon,Website,2,795.31,frequent_recent
2025-06-19,ORD-100620,CUS-0036,Everyday Set,Core,Hong Kong,Mobile App,3,542.91,frequent_recent
2025-06-19,ORD-101214,CUS-0078,Starter Kit,Starter,Hong Kong,Marketplace,4,262.95,steady_repeat
2025-06-20,ORD-100884,CUS-0052,Everyday Set,Core,Hong Kong,Marketplace,4,678.56,frequent_recent
2025-06-20,ORD-101059,CUS-0066,Refill Pack,Consumables,New Territories,Marketplace,4,170.82,steady_repeat
2025-06-20,ORD-101105,CUS-0070,Everyday Set,Core,Hong Kong,Website,3,274.66,steady_repeat
2025-06-20,ORD-101489,CUS-0100,Starter Kit,Starter,New Territories,Website,2,99.71,steady_repeat
2025-06-20,ORD-101793,CUS-0140,Everyday Set,Core,Kowloon,Website,3,252.09,growing
2025-06-20,ORD-102468,CUS-0240,Everyday Set,Core,Kowloon,Website,1,153.05,lapsed_high_value
2025-06-20,ORD-102747,CUS-0305,Refill Pack,Consumables,Hong Kong,Marketplace,1,29.85,cooling
2025-06-21,ORD-100842,CUS-0049,Starter Kit,Starter,International,Marketplace,4,329.06,frequent_recent
2025-06-21,ORD-101157,CUS-0074,Refill Pack,Consumables,Hong Kong,Mobile App,3,95.95,steady_repeat
2025-06-21,ORD-101673,CUS-0120,Refill Pack,Consumables,New Territories,Marketplace,2,77.44,growing
2025-06-21,ORD-102152,CUS-0215,Everyday Set,Core,Hong Kong,Website,3,422.51,lapsed_high_value
2025-06-21,ORD-102376,CUS-0232,Starter Kit,Starter,Hong Kong,Marketplace,2,148.08,lapsed_high_value
2025-06-21,ORD-102519,CUS-0244,Starter Kit,Starter,Kowloon,Website,2,158.46,lapsed_high_value
2025-06-21,ORD-102709,CUS-0298,Premium Set,Premium,Kowloon,Mobile App,4,746.11,cooling
2025-06-21,ORD-102839,CUS-0321,Everyday Set,Core,Hong Kong,Marketplace,1,74.38,cooling
2025-06-22,ORD-100134,CUS-0008,Everyday Set,Core,International,Website,3,476.35,frequent_recent
2025-06-22,ORD-100441,CUS-0026,Starter Kit,Starter,Hong Kong,Mobile App,2,116.67,frequent_recent
2025-06-22,ORD-102840,CUS-0321,Premium Set,Premium,Hong Kong,Marketplace,3,451.21,cooling
2025-06-22,ORD-102894,CUS-0329,Everyday Set,Core,Kowloon,Marketplace,1,95.85,cooling
2025-06-23,ORD-100597,CUS-0035,Everyday Set,Core,Hong Kong,Website,2,331.49,frequent_recent
2025-06-23,ORD-100632,CUS-0037,Everyday Set,Core,New Territories,Website,1,144.09,frequent_recent
2025-06-23,ORD-100998,CUS-0061,Everyday Set,Core,Kowloon,Website,3,275.06,steady_repeat
2025-06-23,ORD-101226,CUS-0079,Everyday Set,Core,New Territories,Website,3,308.42,steady_repeat
2025-06-24,ORD-100443,CUS-0026,Everyday Set,Core,Hong Kong,Website,3,353.13,frequent_recent
2025-06-24,ORD-100506,CUS-0030,Refill Pack,Consumables,Hong Kong,Website,1,43.72,frequent_recent
2025-06-24,ORD-100507,CUS-0030,Starter Kit,Starter,Hong Kong,Website,2,128.77,frequent_recent
2025-06-24,ORD-101047,CUS-0065,Everyday Set,Core,Kowloon,Marketplace,4,508.23,steady_repeat
2025-06-24,ORD-101244,CUS-0080,Refill Pack,Consumables,New Territories,Website,2,75.34,steady_repeat
2025-06-24,ORD-101755,CUS-0133,Starter Kit,Starter,New Territories,Website,2,104.26,growing
2025-06-25,ORD-100633,CUS-0037,Starter Kit,Starter,New Territories,Marketplace,4,358.99,frequent_recent
2025-06-25,ORD-100684,CUS-0040,Everyday Set,Core,Kowloon,Mobile App,2,290.97,frequent_recent
2025-06-25,ORD-101106,CUS-0070,Refill Pack,Consumables,Hong Kong,Website,3,91.4,steady_repeat
2025-06-25,ORD-102723,CUS-0301,Starter Kit,Starter,Kowloon,Marketplace,3,122.0,cooling
2025-06-26,ORD-100186,CUS-0011,Premium Set,Premium,New Territories,Marketplace,2,572.99,frequent_recent
2025-06-26,ORD-100561,CUS-0033,Refill Pack,Consumables,Hong Kong,Marketplace,2,120.32,frequent_recent
2025-06-26,ORD-100685,CUS-0040,Starter Kit,Starter,Kowloon,Website,2,130.83,frequent_recent
2025-06-26,ORD-100885,CUS-0052,Refill Pack,Consumables,Hong Kong,Mobile App,4,235.98,frequent_recent
2025-06-26,ORD-101174,CUS-0075,Starter Kit,Starter,New Territories,Mobile App,4,244.25,steady_repeat
2025-06-26,ORD-101215,CUS-0078,Premium Set,Premium,Hong Kong,Website,4,1039.61,steady_repeat
2025-06-26,ORD-101358,CUS-0089,Starter Kit,Starter,International,Marketplace,4,234.23,steady_repeat
2025-06-26,ORD-101382,CUS-0091,Refill Pack,Consumables,New Territories,Website,2,70.84,steady_repeat
2025-06-26,ORD-101663,CUS-0118,Starter Kit,Starter,Hong Kong,Marketplace,4,253.26,growing
2025-06-27,ORD-100329,CUS-0020,Starter Kit,Starter,New Territories,Website,2,190.2,frequent_recent
2025-06-27,ORD-100508,CUS-0030,Everyday Set,Core,Hong Kong,Website,3,306.11,frequent_recent
2025-06-27,ORD-100724,CUS-0042,Starter Kit,Starter,New Territories,Mobile App,4,283.22,frequent_recent
2025-06-27,ORD-100938,CUS-0056,Starter Kit,Starter,Hong Kong,Marketplace,4,184.38,steady_repeat
2025-06-27,ORD-101776,CUS-0137,Everyday Set,Core,New Territories,Website,2,188.67,growing
2025-06-27,ORD-101833,CUS-0148,Starter Kit,Starter,International,Marketplace,4,146.8,growing
2025-06-27,ORD-101850,CUS-0151,Everyday Set,Core,New Territories,Mobile App,1,121.06,growing
2025-06-27,ORD-101928,CUS-0165,Premium Set,Premium,New Territories,Marketplace,1,209.25,growing
2025-06-27,ORD-102843,CUS-0322,Everyday Set,Core,Kowloon,Marketplace,1,100.08,cooling
2025-06-28,ORD-100444,CUS-0026,Everyday Set,Core,Hong Kong,Website,3,318.61,frequent_recent
2025-06-28,ORD-101158,CUS-0074,Everyday Set,Core,Hong Kong,Website,4,373.01,steady_repeat
2025-06-29,ORD-100188,CUS-0011,Starter Kit,Starter,New Territories,Website,1,75.47,frequent_recent
2025-06-29,ORD-100240,CUS-0014,Starter Kit,Starter,New Territories,Website,1,74.94,frequent_recent
2025-06-29,ORD-101252,CUS-0081,Starter Kit,Starter,Kowloon,Website,4,225.49,steady_repeat
2025-06-29,ORD-101694,CUS-0124,Starter Kit,Starter,New Territories,Mobile App,3,168.22,growing
2025-06-29,ORD-101747,CUS-0132,Starter Kit,Starter,New Territories,Marketplace,3,119.14,growing
2025-06-29,ORD-101892,CUS-0158,Everyday Set,Core,New Territories,Website,4,340.77,growing
2025-06-29,ORD-101924,CUS-0164,Everyday Set,Core,Hong Kong,Marketplace,4,452.5,growing
2025-06-29,ORD-102877,CUS-0327,Refill Pack,Consumables,International,Website,4,94.8,cooling
2025-06-29,RET-100442,CUS-0026,Starter Kit,Starter,Hong Kong,Return,-1,-58.34,frequent_recent
2025-06-30,ORD-100509,CUS-0030,Everyday Set,Core,Hong Kong,Marketplace,3,393.0,frequent_recent
2025-06-30,ORD-100599,CUS-0035,Premium Set,Premium,Hong Kong,Marketplace,3,1076.23,frequent_recent
2025-06-30,ORD-100600,CUS-0035,Everyday Set,Core,Hong Kong,Mobile App,2,349.58,frequent_recent
2025-06-30,ORD-101370,CUS-0090,Starter Kit,Starter,New Territories,Website,1,50.82,steady_repeat
2025-06-30,ORD-101407,CUS-0093,Starter Kit,Starter,Kowloon,Website,4,209.21,steady_repeat
2025-06-30,ORD-101635,CUS-0113,Premium Set,Premium,Hong Kong,Website,4,781.31,growing
2025-06-30,ORD-101766,CUS-0135,Refill Pack,Consumables,Hong Kong,Marketplace,4,102.78,growing
2025-06-30,ORD-101882,CUS-0156,Premium Set,Premium,Kowloon,Marketplace,4,675.97,growing
2025-06-30,RET-100598,CUS-0035,Everyday Set,Core,Hong Kong,Return,-1,-165.74,frequent_recent
2025-07-01,ORD-100116,CUS-0007,Everyday Set,Core,New Territories,Website,4,585.14,frequent_recent
2025-07-01,ORD-100209,CUS-0012,Everyday Set,Core,New Territories,Mobile App,1,178.3,frequent_recent
2025-07-01,ORD-101839,CUS-0149,Starter Kit,Starter,New Territories,Marketplace,1,58.78,growing
2025-07-02,ORD-100293,CUS-0018,Premium Set,Premium,International,Website,3,1149.65,frequent_recent
2025-07-02,ORD-100347,CUS-0021,Premium Set,Premium,Hong Kong,Website,1,304.99,frequent_recent
2025-07-02,ORD-100886,CUS-0052,Everyday Set,Core,Hong Kong,Website,4,613.41,frequent_recent
2025-07-02,ORD-101383,CUS-0091,Everyday Set,Core,New Territories,Website,4,370.22,steady_repeat
2025-07-02,ORD-101442,CUS-0096,Starter Kit,Starter,Hong Kong,Website,4,181.53,steady_repeat
2025-07-02,ORD-101664,CUS-0118,Everyday Set,Core,Hong Kong,Marketplace,4,456.3,growing
2025-07-02,ORD-101887,CUS-0157,Everyday Set,Core,New Territories,Mobile App,1,100.58,growing
2025-07-03,ORD-100156,CUS-0009,Everyday Set,Core,New Territories,Marketplace,4,498.9,frequent_recent
2025-07-03,ORD-100310,CUS-0019,Refill Pack,Consumables,Kowloon,Website,1,50.42,frequent_recent
2025-07-03,ORD-100384,CUS-0023,Everyday Set,Core,Hong Kong,Website,4,671.16,frequent_recent
2025-07-03,ORD-101326,CUS-0087,Starter Kit,Starter,Hong Kong,Website,1,52.07,steady_repeat
2025-07-03,ORD-101605,CUS-0109,Everyday Set,Core,Hong Kong,Marketplace,4,430.25,steady_repeat
2025-07-03,ORD-101742,CUS-0131,Refill Pack,Consumables,Hong Kong,Marketplace,1,30.26,growing
2025-07-03,ORD-101787,CUS-0139,Starter Kit,Starter,Hong Kong,Website,1,41.69,growing
2025-07-03,ORD-101856,CUS-0152,Premium Set,Premium,Hong Kong,Website,1,201.15,growing
2025-07-03,ORD-102885,CUS-0328,Premium Set,Premium,Kowloon,Marketplace,2,297.09,cooling
2025-07-03,RET-100187,CUS-0011,Premium Set,Premium,New Territories,Return,-1,-286.49,frequent_recent
2025-07-04,ORD-101341,CUS-0088,Starter Kit,Starter,Kowloon,Website,2,138.94,steady_repeat
2025-07-04,ORD-101640,CUS-0114,Premium Set,Premium,Kowloon,Website,1,152.01,growing
2025-07-04,ORD-101706,CUS-0126,Starter Kit,Starter,Kowloon,Marketplace,3,160.28,growing
2025-07-04,ORD-101713,CUS-0127,Refill Pack,Consumables,Kowloon,Marketplace,1,25.39,growing
2025-07-04,ORD-101720,CUS-0128,Everyday Set,Core,Hong Kong,Website,1,68.45,growing
2025-07-04,ORD-101862,CUS-0153,Everyday Set,Core,Kowloon,Marketplace,4,329.34,growing
2025-07-05,ORD-100472,CUS-0028,Everyday Set,Core,Kowloon,Website,4,525.62,frequent_recent
2025-07-05,ORD-101384,CUS-0091,Everyday Set,Core,New Territories,Website,2,217.92,steady_repeat
2025-07-05,ORD-101568,CUS-0106,Premium Set,Premium,New Territories,Marketplace,3,613.14,steady_repeat
2025-07-06,ORD-100872,CUS-0051,Starter Kit,Starter,International,Marketplace,4,391.23,frequent_recent
2025-07-06,ORD-101253,CUS-0081,Everyday Set,Core,Kowloon,Website,2,163.22,steady_repeat
2025-07-06,ORD-101503,CUS-0101,Refill Pack,Consumables,Kowloon,Marketplace,4,136.2,steady_repeat
2025-07-07,ORD-100054,CUS-0004,Starter Kit,Starter,International,Marketplace,1,64.52,frequent_recent
2025-07-07,ORD-100249,CUS-0015,Everyday Set,Core,Kowloon,Website,2,246.88,frequent_recent
2025-07-07,ORD-101254,CUS-0081,Starter Kit,Starter,Kowloon,Website,2,109.17,steady_repeat
2025-07-07,ORD-101457,CUS-0097,Everyday Set,Core,New Territories,Mobile App,2,239.24,steady_repeat
2025-07-07,ORD-101788,CUS-0139,Starter Kit,Starter,Hong Kong,Marketplace,3,131.75,growing
2025-07-07,ORD-101845,CUS-0150,Premium Set,Premium,Kowloon,Marketplace,1,220.65,growing
2025-07-08,ORD-100348,CUS-0021,Everyday Set,Core,Hong Kong,Marketplace,1,171.48,frequent_recent
2025-07-08,ORD-100401,CUS-0024,Everyday Set,Core,Hong Kong,Marketplace,4,481.74,frequent_recent
2025-07-08,ORD-100916,CUS-0054,Starter Kit,Starter,Kowloon,Website,3,151.24,steady_repeat
2025-07-08,ORD-100923,CUS-0055,Premium Set,Premium,International,Mobile App,1,205.62,steady_repeat
2025-07-08,ORD-101048,CUS-0065,Refill Pack,Consumables,Kowloon,Marketplace,3,122.33,steady_repeat
2025-07-08,ORD-101528,CUS-0103,Everyday Set,Core,Kowloon,Mobile App,2,159.81,steady_repeat
2025-07-08,ORD-101589,CUS-0108,Refill Pack,Consumables,Kowloon,Website,1,26.57,steady_repeat
2025-07-08,ORD-101636,CUS-0113,Refill Pack,Consumables,Hong Kong,Website,4,171.93,growing
2025-07-08,ORD-101732,CUS-0130,Everyday Set,Core,New Territories,Website,4,369.48,growing
2025-07-08,ORD-101877,CUS-0155,Everyday Set,Core,Hong Kong,Website,1,109.91,growing
2025-07-08,ORD-102710,CUS-0299,Everyday Set,Core,New Territories,Website,4,215.04,cooling
2025-07-09,ORD-100777,CUS-0045,Starter Kit,Starter,Kowloon,Website,2,120.82,frequent_recent
2025-07-09,ORD-101327,CUS-0087,Starter Kit,Starter,Hong Kong,Mobile App,4,195.0,steady_repeat
2025-07-09,ORD-101614,CUS-0110,Everyday Set,Core,International,Mobile App,3,297.66,steady_repeat
2025-07-09,ORD-101815,CUS-0145,Everyday Set,Core,New Territories,Marketplace,1,77.68,growing
2025-07-09,RET-100294,CUS-0018,Premium Set,Premium,International,Return,-1,-383.22,frequent_recent
2025-07-10,ORD-100098,CUS-0006,Premium Set,Premium,Hong Kong,Mobile App,4,1459.4,frequent_recent
2025-07-10,ORD-100210,CUS-0012,Everyday Set,Core,New Territories,Mobile App,3,510.85,frequent_recent
2025-07-10,ORD-100262,CUS-0016,Refill Pack,Consumables,New Territories,Website,1,55.36,frequent_recent
2025-07-10,ORD-100311,CUS-0019,Everyday Set,Core,Kowloon,Marketplace,4,583.22,frequent_recent
2025-07-10,ORD-100385,CUS-0023,Everyday Set,Core,Hong Kong,Mobile App,2,257.91,frequent_recent
2025-07-10,ORD-101081,CUS-0068,Starter Kit,Starter,Kowloon,Marketplace,2,102.79,steady_repeat
2025-07-10,ORD-101135,CUS-0072,Starter Kit,Starter,Hong Kong,Mobile App,4,242.34,steady_repeat
2025-07-10,ORD-101645,CUS-0115,Starter Kit,Starter,New Territories,Website,1,61.91,growing
2025-07-10,ORD-101767,CUS-0135,Starter Kit,Starter,Hong Kong,Marketplace,4,150.62,growing
2025-07-11,ORD-100473,CUS-0028,Premium Set,Premium,Kowloon,Mobile App,1,241.23,frequent_recent
2025-07-11,ORD-100634,CUS-0037,Everyday Set,Core,New Territories,Website,3,536.57,frequent_recent
2025-07-11,ORD-100843,CUS-0049,Refill Pack,Consumables,International,Marketplace,1,52.58,frequent_recent
2025-07-11,ORD-100939,CUS-0056,Refill Pack,Consumables,Hong Kong,Mobile App,2,64.25,steady_repeat
2025-07-11,ORD-101187,CUS-0076,Everyday Set,Core,International,Mobile App,1,103.06,steady_repeat
2025-07-11,ORD-101840,CUS-0149,Refill Pack,Consumables,New Territories,Website,3,119.34,growing
2025-07-11,ORD-102802,CUS-0314,Everyday Set,Core,Hong Kong,Mobile App,4,409.99,cooling
2025-07-12,ORD-100646,CUS-0038,Everyday Set,Core,New Territories,Marketplace,4,666.78,frequent_recent
2025-07-12,ORD-101682,CUS-0122,Everyday Set,Core,Hong Kong,Website,1,96.85,growing
2025-07-12,ORD-101912,CUS-0162,Refill Pack,Consumables,International,Marketplace,2,76.85,growing
2025-07-13,ORD-100764,CUS-0044,Refill Pack,Consumables,Hong Kong,Website,4,176.24,frequent_recent
2025-07-13,ORD-101107,CUS-0070,Everyday Set,Core,Hong Kong,Marketplace,2,183.48,steady_repeat
2025-07-13,ORD-101590,CUS-0108,Everyday Set,Core,Kowloon,Marketplace,2,169.69,steady_repeat
2025-07-13,ORD-102711,CUS-0299,Refill Pack,Consumables,New Territories,Website,1,22.97,cooling
2025-07-14,ORD-100189,CUS-0011,Everyday Set,Core,New Territories,Website,1,164.85,frequent_recent
2025-07-14,ORD-100241,CUS-0014,Starter Kit,Starter,New Territories,Website,4,286.65,frequent_recent
2025-07-14,ORD-100474,CUS-0028,Premium Set,Premium,Kowloon,Website,4,1180.36,frequent_recent
2025-07-14,ORD-100968,CUS-0058,Refill Pack,Consumables,Hong Kong,Website,2,62.87,steady_repeat
2025-07-14,ORD-100978,CUS-0059,Starter Kit,Starter,Hong Kong,Marketplace,1,42.74,steady_repeat
2025-07-14,ORD-100989,CUS-0060,Everyday Set,Core,Kowloon,Website,4,383.36,steady_repeat
2025-07-14,ORD-101385,CUS-0091,Starter Kit,Starter,New Territories,Mobile App,1,60.65,steady_repeat
2025-07-14,ORD-101893,CUS-0158,Starter Kit,Starter,New Territories,Website,3,127.04,growing
2025-07-15,ORD-100527,CUS-0031,Everyday Set,Core,New Territories,Website,2,222.18,frequent_recent
2025-07-15,ORD-100578,CUS-0034,Refill Pack,Consumables,International,Marketplace,1,44.86,frequent_recent
2025-07-15,ORD-100813,CUS-0047,Premium Set,Premium,Kowloon,Website,3,724.04,frequent_recent
2025-07-15,ORD-101175,CUS-0075,Refill Pack,Consumables,New Territories,Marketplace,2,79.95,steady_repeat
2025-07-15,ORD-101784,CUS-0138,Starter Kit,Starter,International,Marketplace,4,159.52,growing
2025-07-15,ORD-101841,CUS-0149,Everyday Set,Core,New Territories,Marketplace,1,104.46,growing
2025-07-16,ORD-100621,CUS-0036,Everyday Set,Core,Hong Kong,Website,4,619.18,frequent_recent
2025-07-16,ORD-100705,CUS-0041,Everyday Set,Core,Kowloon,Website,3,528.79,frequent_recent
2025-07-16,ORD-101312,CUS-0086,Premium Set,Premium,Hong Kong,Marketplace,4,952.57,steady_repeat
2025-07-16,ORD-101359,CUS-0089,Premium Set,Premium,International,Website,3,708.81,steady_repeat
2025-07-16,ORD-101714,CUS-0127,Refill Pack,Consumables,Kowloon,Website,3,70.65,growing
2025-07-16,ORD-101905,CUS-0160,Everyday Set,Core,New Territories,Mobile App,1,71.88,growing
2025-07-16,ORD-102878,CUS-0327,Starter Kit,Starter,International,Website,2,71.88,cooling
2025-07-17,ORD-100135,CUS-0008,Everyday Set,Core,International,Marketplace,4,669.08,frequent_recent
2025-07-17,ORD-100669,CUS-0039,Everyday Set,Core,Hong Kong,Website,2,334.35,frequent_recent
2025-07-17,ORD-100765,CUS-0044,Everyday Set,Core,Hong Kong,Marketplace,1,132.31,frequent_recent
2025-07-17,ORD-101205,CUS-0077,Refill Pack,Consumables,Kowloon,Marketplace,4,146.98,steady_repeat
2025-07-17,ORD-101443,CUS-0096,Starter Kit,Starter,Hong Kong,Marketplace,4,193.75,steady_repeat
2025-07-17,ORD-101629,CUS-0112,Everyday Set,Core,New Territories,Marketplace,1,88.12,growing
2025-07-18,ORD-100055,CUS-0004,Refill Pack,Consumables,International,Marketplace,4,231.72,frequent_recent
2025-07-18,ORD-100099,CUS-0006,Everyday Set,Core,Hong Kong,Website,1,152.7,frequent_recent
2025-07-18,ORD-100402,CUS-0024,Everyday Set,Core,Hong Kong,Mobile App,2,251.79,frequent_recent
2025-07-18,ORD-100454,CUS-0027,Starter Kit,Starter,Kowloon,Marketplace,3,343.34,frequent_recent
2025-07-18,ORD-100686,CUS-0040,Starter Kit,Starter,Kowloon,Website,3,222.36,frequent_recent
2025-07-18,ORD-101136,CUS-0072,Refill Pack,Consumables,Hong Kong,Mobile App,2,85.74,steady_repeat
2025-07-18,ORD-101148,CUS-0073,Starter Kit,Starter,Hong Kong,Website,3,120.68,steady_repeat
2025-07-18,ORD-101591,CUS-0108,Everyday Set,Core,Kowloon,Marketplace,2,146.61,steady_repeat
2025-07-18,ORD-101641,CUS-0114,Everyday Set,Core,Kowloon,Mobile App,4,327.74,growing
2025-07-18,ORD-102834,CUS-0320,Everyday Set,Core,Hong Kong,Website,3,244.31,cooling
2025-07-19,ORD-100041,CUS-0003,Refill Pack,Consumables,New Territories,Website,2,78.43,frequent_recent
2025-07-19,ORD-100100,CUS-0006,Everyday Set,Core,Hong Kong,Website,2,342.59,frequent_recent
2025-07-19,ORD-100101,CUS-0006,Everyday Set,Core,Hong Kong,Website,2,373.92,frequent_recent
2025-07-19,ORD-100635,CUS-0037,Everyday Set,Core,New Territories,Website,3,497.61,frequent_recent
2025-07-19,ORD-101408,CUS-0093,Starter Kit,Starter,Kowloon,Website,2,81.81,steady_repeat
2025-07-19,ORD-101582,CUS-0107,Refill Pack,Consumables,Hong Kong,Marketplace,3,120.03,steady_repeat
2025-07-19,ORD-101771,CUS-0136,Everyday Set,Core,International,Marketplace,4,311.17,growing
2025-07-19,ORD-101863,CUS-0153,Premium Set,Premium,Kowloon,Marketplace,1,162.14,growing
2025-07-19,ORD-101894,CUS-0158,Everyday Set,Core,New Territories,Website,2,154.82,growing
2025-07-20,ORD-100250,CUS-0015,Everyday Set,Core,Kowloon,Marketplace,4,514.94,frequent_recent
2025-07-20,ORD-101430,CUS-0095,Starter Kit,Starter,Hong Kong,Website,4,253.83,steady_repeat
2025-07-20,ORD-101637,CUS-0113,Starter Kit,Starter,Hong Kong,Mobile App,2,115.89,growing
2025-07-20,ORD-101828,CUS-0147,Refill Pack,Consumables,Hong Kong,Marketplace,1,26.13,growing
2025-07-21,ORD-100687,CUS-0040,Everyday Set,Core,Kowloon,Marketplace,2,286.36,frequent_recent
2025-07-21,ORD-101842,CUS-0149,Everyday Set,Core,New Territories,Website,1,110.58,growing
2025-07-22,ORD-100495,CUS-0029,Premium Set,Premium,Hong Kong,Website,3,744.55,frequent_recent
2025-07-22,ORD-100647,CUS-0038,Starter Kit,Starter,New Territories,Website,1,91.8,frequent_recent
2025-07-22,ORD-101529,CUS-0103,Refill Pack,Consumables,Kowloon,Marketplace,1,28.52,steady_repeat
2025-07-22,ORD-101701,CUS-0125,Starter Kit,Starter,Kowloon,Mobile App,1,52.66,growing
2025-07-22,ORD-101829,CUS-0147,Everyday Set,Core,Hong Kong,Marketplace,3,231.59,growing
2025-07-22,ORD-101857,CUS-0152,Premium Set,Premium,Hong Kong,Website,3,617.24,growing
2025-07-22,ORD-102849,CUS-0323,Everyday Set,Core,New Territories,Website,3,280.41,cooling
2025-07-23,ORD-101804,CUS-0143,Everyday Set,Core,Hong Kong,Marketplace,3,293.18,growing
2025-07-24,ORD-100010,CUS-0001,Premium Set,Premium,Hong Kong,Website,3,958.92,frequent_recent
2025-07-24,ORD-100601,CUS-0035,Everyday Set,Core,Hong Kong,Website,4,656.47,frequent_recent
2025-07-24,ORD-100622,CUS-0036,Everyday Set,Core,Hong Kong,Mobile App,4,688.63,frequent_recent
2025-07-24,ORD-100793,CUS-0046,Everyday Set,Core,International,Marketplace,2,289.88,frequent_recent
2025-07-24,ORD-101067,CUS-0067,Starter Kit,Starter,Kowloon,Marketplace,4,205.16,steady_repeat
2025-07-24,ORD-101122,CUS-0071,Everyday Set,Core,Kowloon,Marketplace,1,78.35,steady_repeat
2025-07-24,ORD-101650,CUS-0116,Starter Kit,Starter,Hong Kong,Website,1,49.48,growing
2025-07-24,ORD-101799,CUS-0141,Starter Kit,Starter,Kowloon,Website,2,77.0,growing
2025-07-25,ORD-100056,CUS-0004,Everyday Set,Core,International,Mobile App,3,427.69,frequent_recent
2025-07-25,ORD-100857,CUS-0050,Everyday Set,Core,Hong Kong,Mobile App,4,671.97,frequent_recent
2025-07-25,ORD-101123,CUS-0071,Everyday Set,Core,Kowloon,Website,2,230.42,steady_repeat
2025-07-25,ORD-101124,CUS-0071,Everyday Set,Core,Kowloon,Marketplace,3,303.75,steady_repeat
2025-07-25,ORD-101606,CUS-0109,Starter Kit,Starter,Hong Kong,Mobile App,2,115.04,steady_repeat
2025-07-26,ORD-100277,CUS-0017,Everyday Set,Core,Kowloon,Marketplace,4,649.58,frequent_recent
2025-07-26,ORD-100528,CUS-0031,Refill Pack,Consumables,New Territories,Website,4,148.07,frequent_recent
2025-07-26,ORD-100636,CUS-0037,Everyday Set,Core,New Territories,Website,3,448.64,frequent_recent
2025-07-26,ORD-100706,CUS-0041,Premium Set,Premium,Kowloon,Mobile App,3,968.36,frequent_recent
2025-07-26,ORD-100924,CUS-0055,Starter Kit,Starter,International,Marketplace,4,219.83,steady_repeat
2025-07-26,ORD-101012,CUS-0062,Starter Kit,Starter,Kowloon,Marketplace,3,128.25,steady_repeat
2025-07-26,ORD-101159,CUS-0074,Everyday Set,Core,Hong Kong,Website,3,312.87,steady_repeat
2025-07-26,ORD-101458,CUS-0097,Everyday Set,Core,New Territories,Website,2,187.64,steady_repeat
2025-07-26,ORD-102733,CUS-0303,Everyday Set,Core,Hong Kong,Mobile App,3,197.31,cooling
2025-07-27,ORD-100330,CUS-0020,Everyday Set,Core,New Territories,Mobile App,3,623.27,frequent_recent
2025-07-27,ORD-100814,CUS-0047,Everyday Set,Core,Kowloon,Marketplace,4,523.44,frequent_recent
2025-07-27,ORD-100905,CUS-0053,Refill Pack,Consumables,New Territories,Website,3,99.15,steady_repeat
2025-07-27,ORD-101093,CUS-0069,Premium Set,Premium,Kowloon,Website,3,683.41,steady_repeat
2025-07-27,ORD-101646,CUS-0115,Premium Set,Premium,New Territories,Mobile App,3,614.44,growing
2025-07-27,ORD-101683,CUS-0122,Starter Kit,Starter,Hong Kong,Mobile App,1,53.93,growing
2025-07-27,ORD-101743,CUS-0131,Starter Kit,Starter,Hong Kong,Website,1,41.86,growing
2025-07-28,ORD-100295,CUS-0018,Starter Kit,Starter,International,Website,2,194.84,frequent_recent
2025-07-28,ORD-100475,CUS-0028,Everyday Set,Core,Kowloon,Website,4,541.41,frequent_recent
2025-07-28,ORD-100562,CUS-0033,Everyday Set,Core,Hong Kong,Website,2,336.39,frequent_recent
2025-07-28,ORD-100794,CUS-0046,Refill Pack,Consumables,International,Website,1,46.67,frequent_recent
2025-07-28,ORD-100873,CUS-0051,Refill Pack,Consumables,International,Mobile App,3,198.72,frequent_recent
2025-07-28,ORD-101160,CUS-0074,Refill Pack,Consumables,Hong Kong,Website,4,136.99,steady_repeat
2025-07-28,ORD-101666,CUS-0119,Everyday Set,Core,New Territories,Website,2,216.88,growing
2025-07-28,ORD-101883,CUS-0156,Premium Set,Premium,Kowloon,Mobile App,4,606.05,growing
2025-07-29,ORD-100171,CUS-0010,Everyday Set,Core,Kowloon,Marketplace,2,337.1,frequent_recent
2025-07-29,ORD-100251,CUS-0015,Refill Pack,Consumables,Kowloon,Mobile App,2,83.32,frequent_recent
2025-07-29,ORD-101515,CUS-0102,Starter Kit,Starter,Kowloon,Website,2,95.97,steady_repeat
2025-07-29,ORD-101678,CUS-0121,Everyday Set,Core,Kowloon,Website,3,274.78,growing
2025-07-29,ORD-101805,CUS-0143,Everyday Set,Core,Hong Kong,Mobile App,1,104.44,growing
2025-07-30,ORD-100012,CUS-0001,Refill Pack,Consumables,Hong Kong,Website,4,225.97,frequent_recent
2025-07-30,ORD-100476,CUS-0028,Starter Kit,Starter,Kowloon,Website,3,204.95,frequent_recent
2025-07-30,ORD-100602,CUS-0035,Starter Kit,Starter,Hong Kong,Website,4,329.77,frequent_recent
2025-07-30,ORD-101108,CUS-0070,Starter Kit,Starter,Hong Kong,Website,2,90.45,steady_repeat
2025-07-30,ORD-101149,CUS-0073,Everyday Set,Core,Hong Kong,Website,2,179.81,steady_repeat
2025-07-30,ORD-101176,CUS-0075,Everyday Set,Core,New Territories,Mobile App,2,215.83,steady_repeat
2025-07-30,ORD-101409,CUS-0093,Premium Set,Premium,Kowloon,Website,2,296.44,steady_repeat
2025-07-30,ORD-101481,CUS-0099,Refill Pack,Consumables,New Territories,Mobile App,1,36.04,steady_repeat
2025-07-30,ORD-101707,CUS-0126,Everyday Set,Core,Kowloon,Website,2,178.78,growing
2025-07-30,ORD-101806,CUS-0143,Premium Set,Premium,Hong Kong,Website,3,510.41,growing
2025-07-30,ORD-101823,CUS-0146,Premium Set,Premium,New Territories,Marketplace,2,436.92,growing
2025-07-30,ORD-101918,CUS-0163,Everyday Set,Core,Kowloon,Website,2,168.89,growing
2025-07-30,ORD-102826,CUS-0319,Premium Set,Premium,Hong Kong,Marketplace,1,150.95,cooling
2025-07-30,ORD-102844,CUS-0322,Everyday Set,Core,Kowloon,Website,1,98.16,cooling
2025-07-30,ORD-102865,CUS-0325,Everyday Set,Core,Hong Kong,Website,4,253.3,cooling
2025-07-31,ORD-100042,CUS-0003,Starter Kit,Starter,New Territories,Website,1,62.72,frequent_recent
2025-07-31,ORD-100117,CUS-0007,Everyday Set,Core,New Territories,Mobile App,1,132.1,frequent_recent
2025-07-31,ORD-100844,CUS-0049,Premium Set,Premium,International,Mobile App,3,883.25,frequent_recent
2025-07-31,ORD-101807,CUS-0143,Premium Set,Premium,Hong Kong,Mobile App,3,530.66,growing
2025-07-31,ORD-101869,CUS-0154,Everyday Set,Core,Hong Kong,Marketplace,3,303.92,growing
2025-07-31,RET-100011,CUS-0001,Premium Set,Premium,Hong Kong,Return,-1,-319.64,frequent_recent
2025-08-01,ORD-100136,CUS-0008,Refill Pack,Consumables,International,Marketplace,4,239.31,frequent_recent
2025-08-01,ORD-100211,CUS-0012,Starter Kit,Starter,New Territories,Marketplace,3,287.2,frequent_recent
2025-08-01,ORD-100419,CUS-0025,Starter Kit,Starter,New Territories,Marketplace,1,70.41,frequent_recent
2025-08-01,ORD-100548,CUS-0032,Everyday Set,Core,Kowloon,Website,1,142.14,frequent_recent
2025-08-01,ORD-101287,CUS-0084,Everyday Set,Core,Hong Kong,Website,2,173.93,steady_repeat
2025-08-01,ORD-101504,CUS-0101,Everyday Set,Core,Kowloon,Website,1,97.12,steady_repeat
2025-08-01,ORD-101556,CUS-0105,Premium Set,Premium,Kowloon,Mobile App,1,192.04,steady_repeat
2025-08-01,ORD-101906,CUS-0160,Premium Set,Premium,New Territories,Website,2,335.23,growing
2025-08-01,ORD-102786,CUS-0311,Everyday Set,Core,Hong Kong,Website,2,126.23,cooling
2025-08-02,ORD-100386,CUS-0023,Refill Pack,Consumables,Hong Kong,Website,1,48.11,frequent_recent
2025-08-02,ORD-100579,CUS-0034,Refill Pack,Consumables,International,Website,4,162.13,frequent_recent
2025-08-02,ORD-101177,CUS-0075,Refill Pack,Consumables,New Territories,Marketplace,4,154.75,steady_repeat
2025-08-02,ORD-101255,CUS-0081,Starter Kit,Starter,Kowloon,Website,2,112.38,steady_repeat
2025-08-02,ORD-101397,CUS-0092,Starter Kit,Starter,International,Mobile App,3,162.08,steady_repeat
2025-08-02,ORD-101468,CUS-0098,Everyday Set,Core,New Territories,Website,1,99.92,steady_repeat
2025-08-02,ORD-101785,CUS-0138,Refill Pack,Consumables,International,Marketplace,2,47.81,growing
2025-08-02,RET-102734,CUS-0303,Everyday Set,Core,Hong Kong,Return,-1,-65.77,cooling
2025-08-03,ORD-100940,CUS-0056,Everyday Set,Core,Hong Kong,Marketplace,2,210.39,steady_repeat
2025-08-03,ORD-101342,CUS-0088,Starter Kit,Starter,Kowloon,Website,3,170.02,steady_repeat
2025-08-03,ORD-101657,CUS-0117,Everyday Set,Core,New Territories,Website,1,119.19,growing
2025-08-03,ORD-101864,CUS-0153,Everyday Set,Core,Kowloon,Mobile App,4,305.93,growing
2025-08-03,ORD-101899,CUS-0159,Premium Set,Premium,Kowloon,Marketplace,4,908.87,growing
2025-08-03,ORD-102712,CUS-0299,Everyday Set,Core,New Territories,Marketplace,2,136.14,cooling
2025-08-03,ORD-102803,CUS-0314,Refill Pack,Consumables,Hong Kong,Mobile App,3,106.51,cooling
2025-08-04,ORD-100707,CUS-0041,Refill Pack,Consumables,Kowloon,Marketplace,2,114.82,frequent_recent
2025-08-04,ORD-100887,CUS-0052,Refill Pack,Consumables,Hong Kong,Mobile App,2,104.74,frequent_recent
2025-08-04,ORD-101037,CUS-0064,Everyday Set,Core,Hong Kong,Marketplace,3,385.28,steady_repeat
2025-08-04,ORD-101343,CUS-0088,Everyday Set,Core,Kowloon,Marketplace,1,111.39,steady_repeat
2025-08-04,ORD-101444,CUS-0096,Everyday Set,Core,Hong Kong,Marketplace,4,408.51,steady_repeat
2025-08-04,ORD-101851,CUS-0151,Starter Kit,Starter,New Territories,Website,4,242.84,growing
2025-08-04,ORD-101929,CUS-0165,Everyday Set,Core,New Territories,Website,2,199.9,growing
2025-08-05,ORD-100252,CUS-0015,Everyday Set,Core,Kowloon,Marketplace,3,365.85,frequent_recent
2025-08-05,ORD-100331,CUS-0020,Refill Pack,Consumables,New Territories,Website,4,236.54,frequent_recent
2025-08-05,ORD-100367,CUS-0022,Everyday Set,Core,Hong Kong,Website,2,329.96,frequent_recent
2025-08-05,ORD-100778,CUS-0045,Premium Set,Premium,Kowloon,Marketplace,1,304.15,frequent_recent
2025-08-05,ORD-100906,CUS-0053,Everyday Set,Core,New Territories,Website,1,104.04,steady_repeat
2025-08-05,ORD-101607,CUS-0109,Refill Pack,Consumables,Hong Kong,Website,1,35.27,steady_repeat
2025-08-05,ORD-101695,CUS-0124,Everyday Set,Core,New Territories,Website,2,231.7,growing
2025-08-05,ORD-101768,CUS-0135,Premium Set,Premium,Hong Kong,Mobile App,3,470.82,growing
2025-08-05,ORD-101858,CUS-0152,Everyday Set,Core,Hong Kong,Website,4,412.51,growing
2025-08-06,ORD-100312,CUS-0019,Starter Kit,Starter,Kowloon,Website,2,165.93,frequent_recent
2025-08-06,ORD-100349,CUS-0021,Everyday Set,Core,Hong Kong,Marketplace,1,175.92,frequent_recent
2025-08-06,ORD-100529,CUS-0031,Refill Pack,Consumables,New Territories,Website,2,84.89,frequent_recent
2025-08-06,ORD-100670,CUS-0039,Everyday Set,Core,Hong Kong,Marketplace,3,578.47,frequent_recent
2025-08-06,ORD-100874,CUS-0051,Everyday Set,Core,International,Website,4,548.52,frequent_recent
2025-08-06,ORD-101777,CUS-0137,Starter Kit,Starter,New Territories,Website,2,108.48,growing
2025-08-07,ORD-100172,CUS-0010,Premium Set,Premium,Kowloon,Website,1,362.76,frequent_recent
2025-08-07,ORD-100766,CUS-0044,Starter Kit,Starter,Hong Kong,Marketplace,1,72.67,frequent_recent
2025-08-07,ORD-101024,CUS-0063,Everyday Set,Core,Hong Kong,Website,2,260.0,steady_repeat
2025-08-07,ORD-101298,CUS-0085,Premium Set,Premium,Hong Kong,Website,2,333.13,steady_repeat
2025-08-07,ORD-101647,CUS-0115,Starter Kit,Starter,New Territories,Website,1,56.8,growing
2025-08-08,ORD-101540,CUS-0104,Starter Kit,Starter,Hong Kong,Website,3,121.65,steady_repeat
2025-08-08,ORD-101642,CUS-0114,Premium Set,Premium,Kowloon,Website,2,345.21,growing
2025-08-08,ORD-101687,CUS-0123,Refill Pack,Consumables,Hong Kong,Marketplace,3,109.06,growing
2025-08-08,ORD-101748,CUS-0132,Refill Pack,Consumables,New Territories,Website,2,46.72,growing
2025-08-08,ORD-102713,CUS-0299,Everyday Set,Core,New Territories,Website,4,272.5,cooling
2025-08-09,ORD-100157,CUS-0009,Refill Pack,Consumables,New Territories,Website,1,42.11,frequent_recent
2025-08-09,ORD-100563,CUS-0033,Everyday Set,Core,Hong Kong,Mobile App,1,172.32,frequent_recent
2025-08-09,ORD-101696,CUS-0124,Starter Kit,Starter,New Territories,Marketplace,1,61.04,growing
2025-08-09,ORD-101708,CUS-0126,Starter Kit,Starter,Kowloon,Website,2,105.65,growing
2025-08-09,ORD-101715,CUS-0127,Premium Set,Premium,Kowloon,Marketplace,3,442.82,growing
2025-08-10,ORD-100102,CUS-0006,Everyday Set,Core,Hong Kong,Mobile App,2,311.31,frequent_recent
2025-08-10,ORD-100387,CUS-0023,Everyday Set,Core,Hong Kong,Website,3,433.73,frequent_recent
2025-08-10,ORD-100795,CUS-0046,Premium Set,Premium,International,Website,4,1120.26,frequent_recent
2025-08-10,ORD-101288,CUS-0084,Everyday Set,Core,Hong Kong,Mobile App,4,350.96,steady_repeat
2025-08-10,ORD-101459,CUS-0097,Starter Kit,Starter,New Territories,Marketplace,4,221.31,steady_repeat
2025-08-10,ORD-102886,CUS-0328,Starter Kit,Starter,Kowloon,Website,2,76.33,cooling
2025-08-11,ORD-100173,CUS-0010,Premium Set,Premium,Kowloon,Website,4,1348.48,frequent_recent
2025-08-11,ORD-100350,CUS-0021,Premium Set,Premium,Hong Kong,Website,1,359.63,frequent_recent
2025-08-11,ORD-100746,CUS-0043,Premium Set,Premium,Kowloon,Website,4,993.52,frequent_recent
2025-08-11,ORD-101727,CUS-0129,Starter Kit,Starter,Kowloon,Marketplace,2,80.85,growing
2025-08-12,ORD-100603,CUS-0035,Everyday Set,Core,Hong Kong,Website,4,702.49,frequent_recent
2025-08-12,ORD-100827,CUS-0048,Premium Set,Premium,International,Website,2,676.0,frequent_recent
2025-08-12,ORD-100941,CUS-0056,Refill Pack,Consumables,Hong Kong,Website,2,61.17,steady_repeat
2025-08-12,ORD-101178,CUS-0075,Starter Kit,Starter,New Territories,Website,4,238.31,steady_repeat
2025-08-13,ORD-101025,CUS-0063,Refill Pack,Consumables,Hong Kong,Website,2,85.97,steady_repeat
2025-08-13,ORD-101137,CUS-0072,Everyday Set,Core,Hong Kong,Website,3,424.05,steady_repeat
2025-08-14,ORD-101431,CUS-0095,Everyday Set,Core,Hong Kong,Marketplace,4,449.41,steady_repeat
2025-08-14,ORD-102794,CUS-0313,Everyday Set,Core,New Territories,Website,4,419.87,cooling
2025-08-15,ORD-100174,CUS-0010,Everyday Set,Core,Kowloon,Marketplace,3,543.2,frequent_recent
2025-08-15,ORD-100648,CUS-0038,Starter Kit,Starter,New Territories,Website,4,324.98,frequent_recent
2025-08-15,ORD-101930,CUS-0165,Refill Pack,Consumables,New Territories,Marketplace,3,115.61,growing
2025-08-16,ORD-100688,CUS-0040,Everyday Set,Core,Kowloon,Website,1,158.22,frequent_recent
2025-08-16,ORD-101109,CUS-0070,Premium Set,Premium,Hong Kong,Mobile App,1,200.67,steady_repeat
2025-08-16,ORD-101313,CUS-0086,Everyday Set,Core,Hong Kong,Website,2,214.96,steady_repeat
2025-08-16,ORD-101314,CUS-0086,Starter Kit,Starter,Hong Kong,Website,2,121.46,steady_repeat
2025-08-16,ORD-101328,CUS-0087,Starter Kit,Starter,Hong Kong,Marketplace,1,43.95,steady_repeat
2025-08-16,ORD-101344,CUS-0088,Everyday Set,Core,Kowloon,Website,3,338.2,steady_repeat
2025-08-16,ORD-101583,CUS-0107,Premium Set,Premium,Hong Kong,Website,1,213.5,steady_repeat
2025-08-16,ORD-101592,CUS-0108,Premium Set,Premium,Kowloon,Website,4,583.14,steady_repeat
2025-08-16,ORD-101865,CUS-0153,Premium Set,Premium,Kowloon,Marketplace,2,318.81,growing
2025-08-16,ORD-101866,CUS-0153,Starter Kit,Starter,Kowloon,Website,2,95.41,growing
2025-08-17,ORD-100580,CUS-0034,Starter Kit,Starter,International,Website,2,123.05,frequent_recent
2025-08-17,ORD-101245,CUS-0080,Refill Pack,Consumables,New Territories,Mobile App,2,57.2,steady_repeat
2025-08-17,ORD-101608,CUS-0109,Everyday Set,Core,Hong Kong,Marketplace,1,121.4,steady_repeat
2025-08-18,ORD-100858,CUS-0050,Premium Set,Premium,Hong Kong,Mobile App,4,1097.07,frequent_recent
2025-08-18,ORD-101330,CUS-0087,Refill Pack,Consumables,Hong Kong,Mobile App,3,96.91,steady_repeat
2025-08-19,ORD-100689,CUS-0040,Starter Kit,Starter,Kowloon,Marketplace,3,214.78,frequent_recent
2025-08-19,ORD-101913,CUS-0162,Everyday Set,Core,International,Website,2,210.62,growing
2025-08-20,ORD-100690,CUS-0040,Refill Pack,Consumables,Kowloon,Marketplace,1,48.72,frequent_recent
2025-08-20,ORD-101299,CUS-0085,Starter Kit,Starter,Hong Kong,Marketplace,3,122.02,steady_repeat
2025-08-20,ORD-101808,CUS-0143,Premium Set,Premium,Hong Kong,Website,4,742.59,growing
2025-08-20,ORD-102718,CUS-0300,Everyday Set,Core,Hong Kong,Mobile App,4,342.37,cooling
2025-08-21,ORD-100118,CUS-0007,Starter Kit,Starter,New Territories,Website,4,247.56,frequent_recent
2025-08-21,ORD-100278,CUS-0017,Premium Set,Premium,Kowloon,Marketplace,4,1444.37,frequent_recent
2025-08-21,ORD-100888,CUS-0052,Everyday Set,Core,Hong Kong,Marketplace,3,475.27,frequent_recent
2025-08-21,ORD-101227,CUS-0079,Refill Pack,Consumables,New Territories,Website,3,105.87,steady_repeat
2025-08-21,ORD-101331,CUS-0087,Everyday Set,Core,Hong Kong,Marketplace,4,366.99,steady_repeat
2025-08-21,ORD-101772,CUS-0136,Everyday Set,Core,International,Marketplace,2,152.22,growing
2025-08-21,ORD-101884,CUS-0156,Everyday Set,Core,Kowloon,Mobile App,2,162.7,growing
2025-08-22,ORD-100510,CUS-0030,Refill Pack,Consumables,Hong Kong,Website,1,32.56,frequent_recent
2025-08-22,ORD-100604,CUS-0035,Everyday Set,Core,Hong Kong,Marketplace,4,807.33,frequent_recent
2025-08-22,ORD-100649,CUS-0038,Starter Kit,Starter,New Territories,Website,3,274.02,frequent_recent
2025-08-22,ORD-101386,CUS-0091,Premium Set,Premium,New Territories,Mobile App,4,862.16,steady_repeat
2025-08-22,ORD-101490,CUS-0100,Starter Kit,Starter,New Territories,Marketplace,2,89.9,steady_repeat
2025-08-22,ORD-102816,CUS-0317,Everyday Set,Core,Kowloon,Mobile App,3,169.63,cooling
2025-08-23,ORD-100013,CUS-0001,Refill Pack,Consumables,Hong Kong,Website,3,141.53,frequent_recent
2025-08-23,ORD-100190,CUS-0011,Everyday Set,Core,New Territories,Marketplace,3,530.93,frequent_recent
2025-08-23,ORD-100212,CUS-0012,Everyday Set,Core,New Territories,Marketplace,2,344.25,frequent_recent
2025-08-23,ORD-100420,CUS-0025,Everyday Set,Core,New Territories,Website,1,151.92,frequent_recent
2025-08-23,ORD-101759,CUS-0134,Premium Set,Premium,Hong Kong,Marketplace,2,443.76,growing
2025-08-23,ORD-101834,CUS-0148,Starter Kit,Starter,International,Website,4,185.95,growing
2025-08-23,ORD-102735,CUS-0303,Refill Pack,Consumables,Hong Kong,Website,4,89.18,cooling
2025-08-23,RET-101329,CUS-0087,Starter Kit,Starter,Hong Kong,Return,-1,-43.95,steady_repeat
2025-08-24,ORD-100671,CUS-0039,Everyday Set,Core,Hong Kong,Website,2,281.52,frequent_recent
2025-08-24,ORD-101068,CUS-0067,Starter Kit,Starter,Kowloon,Website,2,103.78,steady_repeat
2025-08-24,ORD-101541,CUS-0104,Everyday Set,Core,Hong Kong,Website,1,80.81,steady_repeat
2025-08-24,ORD-101900,CUS-0159,Starter Kit,Starter,Kowloon,Marketplace,1,51.58,growing
2025-08-24,ORD-101931,CUS-0165,Everyday Set,Core,New Territories,Website,4,439.64,growing
2025-08-24,ORD-102773,CUS-0309,Refill Pack,Consumables,Hong Kong,Website,1,35.94,cooling
2025-08-24,ORD-102817,CUS-0317,Premium Set,Premium,Kowloon,Website,2,259.83,cooling
2025-08-25,ORD-101419,CUS-0094,Starter Kit,Starter,Kowloon,Mobile App,3,182.08,steady_repeat
2025-08-25,ORD-101615,CUS-0110,Refill Pack,Consumables,International,Website,2,56.53,steady_repeat
2025-08-25,ORD-101716,CUS-0127,Premium Set,Premium,Kowloon,Mobile App,2,267.26,growing
2025-08-26,ORD-100779,CUS-0045,Refill Pack,Consumables,Kowloon,Website,4,165.77,frequent_recent
2025-08-26,ORD-100845,CUS-0049,Everyday Set,Core,International,Website,3,499.5,frequent_recent
2025-08-26,ORD-101667,CUS-0119,Everyday Set,Core,New Territories,Marketplace,1,113.68,growing
2025-08-27,ORD-100564,CUS-0033,Refill Pack,Consumables,Hong Kong,Website,4,220.64,frequent_recent
2025-08-27,ORD-100725,CUS-0042,Starter Kit,Starter,New Territories,Marketplace,3,191.34,frequent_recent
2025-08-27,ORD-101398,CUS-0092,Starter Kit,Starter,International,Website,2,103.86,steady_repeat
2025-08-27,ORD-101530,CUS-0103,Refill Pack,Consumables,Kowloon,Marketplace,1,30.03,steady_repeat
2025-08-28,ORD-100057,CUS-0004,Premium Set,Premium,International,Website,4,1335.25,frequent_recent
2025-08-28,ORD-100280,CUS-0017,Everyday Set,Core,Kowloon,Website,3,502.28,frequent_recent
2025-08-28,ORD-100455,CUS-0027,Everyday Set,Core,Kowloon,Mobile App,1,186.91,frequent_recent
2025-08-28,ORD-100691,CUS-0040,Premium Set,Premium,Kowloon,Website,2,496.04,frequent_recent
2025-08-28,ORD-100889,CUS-0052,Refill Pack,Consumables,Hong Kong,Website,3,185.31,frequent_recent
2025-08-28,ORD-101179,CUS-0075,Everyday Set,Core,New Territories,Website,1,105.92,steady_repeat
2025-08-28,ORD-101630,CUS-0112,Refill Pack,Consumables,New Territories,Marketplace,2,54.31,growing
2025-08-28,ORD-101658,CUS-0117,Starter Kit,Starter,New Territories,Website,3,164.62,growing
2025-08-28,ORD-101744,CUS-0131,Premium Set,Premium,Hong Kong,Mobile App,4,647.78,growing
2025-08-28,ORD-102818,CUS-0317,Starter Kit,Starter,Kowloon,Marketplace,1,33.59,cooling
2025-08-28,RET-100279,CUS-0017,Premium Set,Premium,Kowloon,Return,-1,-361.09,frequent_recent
2025-08-29,ORD-100058,CUS-0004,Premium Set,Premium,International,Website,2,709.82,frequent_recent
2025-08-29,ORD-100747,CUS-0043,Refill Pack,Consumables,Kowloon,Marketplace,3,120.33,frequent_recent
2025-08-29,ORD-101668,CUS-0119,Refill Pack,Consumables,New Territories,Marketplace,1,41.9,growing
2025-08-30,ORD-100281,CUS-0017,Everyday Set,Core,Kowloon,Marketplace,4,633.13,frequent_recent
2025-08-30,ORD-100456,CUS-0027,Everyday Set,Core,Kowloon,Mobile App,4,654.37,frequent_recent
2025-08-30,ORD-101094,CUS-0069,Refill Pack,Consumables,Kowloon,Website,3,127.15,steady_repeat
2025-08-30,ORD-101733,CUS-0130,Everyday Set,Core,New Territories,Website,3,262.51,growing
2025-08-30,ORD-101852,CUS-0151,Premium Set,Premium,New Territories,Marketplace,2,417.83,growing
2025-08-30,ORD-101878,CUS-0155,Refill Pack,Consumables,Hong Kong,Marketplace,2,78.98,growing
2025-08-30,ORD-102854,CUS-0324,Premium Set,Premium,Kowloon,Marketplace,1,136.62,cooling
2025-08-31,ORD-101387,CUS-0091,Starter Kit,Starter,New Territories,Mobile App,2,102.81,steady_repeat
2025-08-31,ORD-101445,CUS-0096,Everyday Set,Core,Hong Kong,Mobile App,2,184.44,steady_repeat
2025-09-01,ORD-100029,CUS-0002,Starter Kit,Starter,Hong Kong,Website,1,99.08,frequent_recent
2025-09-01,ORD-100917,CUS-0054,Starter Kit,Starter,Kowloon,Marketplace,1,46.95,steady_repeat
2025-09-01,ORD-101228,CUS-0079,Premium Set,Premium,New Territories,Website,3,601.82,steady_repeat
2025-09-01,ORD-101256,CUS-0081,Everyday Set,Core,Kowloon,Marketplace,4,472.09,steady_repeat
2025-09-01,ORD-101531,CUS-0103,Premium Set,Premium,Kowloon,Website,4,640.96,steady_repeat
2025-09-01,ORD-101721,CUS-0128,Refill Pack,Consumables,Hong Kong,Website,4,114.17,growing
2025-09-01,ORD-102787,CUS-0311,Everyday Set,Core,Hong Kong,Marketplace,2,133.1,cooling
2025-09-01,ORD-102855,CUS-0324,Everyday Set,Core,Kowloon,Website,4,305.09,cooling
2025-09-01,ORD-102856,CUS-0324,Starter Kit,Starter,Kowloon,Marketplace,2,83.14,cooling
2025-09-01,RET-101420,CUS-0094,Starter Kit,Starter,Kowloon,Return,-1,-60.69,steady_repeat
2025-09-02,ORD-100081,CUS-0005,Starter Kit,Starter,International,Marketplace,2,194.42,frequent_recent
2025-09-02,ORD-100103,CUS-0006,Everyday Set,Core,Hong Kong,Marketplace,3,464.35,frequent_recent
2025-09-02,ORD-100457,CUS-0027,Starter Kit,Starter,Kowloon,Marketplace,3,317.23,frequent_recent
2025-09-02,ORD-100511,CUS-0030,Premium Set,Premium,Hong Kong,Website,3,647.31,frequent_recent
2025-09-02,ORD-100692,CUS-0040,Everyday Set,Core,Kowloon,Website,4,499.68,frequent_recent
2025-09-02,ORD-101161,CUS-0074,Starter Kit,Starter,Hong Kong,Website,4,190.68,steady_repeat
2025-09-02,ORD-101246,CUS-0080,Everyday Set,Core,New Territories,Website,1,95.04,steady_repeat
2025-09-02,ORD-101888,CUS-0157,Everyday Set,Core,New Territories,Marketplace,1,117.37,growing
2025-09-03,ORD-100137,CUS-0008,Starter Kit,Starter,International,Website,2,174.92,frequent_recent
2025-09-03,ORD-101206,CUS-0077,Refill Pack,Consumables,Kowloon,Mobile App,3,119.84,steady_repeat
2025-09-03,ORD-101616,CUS-0110,Premium Set,Premium,International,Website,1,188.23,steady_repeat
2025-09-03,ORD-102748,CUS-0305,Premium Set,Premium,Hong Kong,Website,1,169.93,cooling
2025-09-04,ORD-100477,CUS-0028,Everyday Set,Core,Kowloon,Mobile App,1,130.03,frequent_recent
2025-09-04,ORD-100990,CUS-0060,Everyday Set,Core,Kowloon,Website,1,91.91,steady_repeat
2025-09-04,ORD-101345,CUS-0088,Premium Set,Premium,Kowloon,Mobile App,3,737.34,steady_repeat
2025-09-04,ORD-101410,CUS-0093,Everyday Set,Core,Kowloon,Website,4,318.72,steady_repeat
2025-09-04,ORD-101773,CUS-0136,Refill Pack,Consumables,International,Website,1,25.12,growing
2025-09-04,RET-100890,CUS-0052,Refill Pack,Consumables,Hong Kong,Return,-1,-61.77,frequent_recent
2025-09-04,RET-101659,CUS-0117,Starter Kit,Starter,New Territories,Return,-1,-54.87,growing
2025-09-05,ORD-100138,CUS-0008,Refill Pack,Consumables,International,Marketplace,3,168.75,frequent_recent
2025-09-05,ORD-100496,CUS-0029,Everyday Set,Core,Hong Kong,Website,2,254.23,frequent_recent
2025-09-05,ORD-101617,CUS-0110,Starter Kit,Starter,International,Mobile App,3,134.31,steady_repeat
2025-09-05,ORD-101889,CUS-0157,Refill Pack,Consumables,New Territories,Marketplace,3,115.49,growing
2025-09-05,ORD-101919,CUS-0163,Everyday Set,Core,Kowloon,Marketplace,2,213.62,growing
2025-09-05,RET-100059,CUS-0004,Premium Set,Premium,International,Return,-1,-354.91,frequent_recent
2025-09-06,ORD-100332,CUS-0020,Refill Pack,Consumables,New Territories,Marketplace,4,215.9,frequent_recent
2025-09-06,ORD-101482,CUS-0099,Everyday Set,Core,New Territories,Mobile App,1,128.6,steady_repeat
2025-09-06,ORD-102827,CUS-0319,Premium Set,Premium,Hong Kong,Mobile App,2,354.55,cooling
2025-09-07,ORD-100104,CUS-0006,Starter Kit,Starter,Hong Kong,Mobile App,4,406.14,frequent_recent
2025-09-07,ORD-101895,CUS-0158,Everyday Set,Core,New Territories,Marketplace,3,253.78,growing
2025-09-07,ORD-101925,CUS-0164,Starter Kit,Starter,Hong Kong,Website,2,121.22,growing
2025-09-08,ORD-100445,CUS-0026,Refill Pack,Consumables,Hong Kong,Website,3,129.45,frequent_recent
2025-09-08,ORD-100530,CUS-0031,Premium Set,Premium,New Territories,Website,1,245.02,frequent_recent
2025-09-08,ORD-100748,CUS-0043,Everyday Set,Core,Kowloon,Marketplace,3,415.15,frequent_recent
2025-09-08,ORD-101491,CUS-0100,Starter Kit,Starter,New Territories,Marketplace,2,96.81,steady_repeat
2025-09-08,ORD-102691,CUS-0296,Premium Set,Premium,Kowloon,Website,2,313.66,cooling
2025-09-08,RET-100918,CUS-0054,Starter Kit,Starter,Kowloon,Return,-1,-46.95,steady_repeat
2025-09-08,RET-101532,CUS-0103,Premium Set,Premium,Kowloon,Return,-1,-160.24,steady_repeat
2025-09-09,ORD-100815,CUS-0047,Everyday Set,Core,Kowloon,Mobile App,1,130.54,frequent_recent
2025-09-09,ORD-100942,CUS-0056,Premium Set,Premium,Hong Kong,Mobile App,2,377.61,steady_repeat
2025-09-09,ORD-101688,CUS-0123,Starter Kit,Starter,Hong Kong,Website,4,239.06,growing
2025-09-09,ORD-101697,CUS-0124,Everyday Set,Core,New Territories,Website,1,111.6,growing
2025-09-09,ORD-102692,CUS-0296,Refill Pack,Consumables,Kowloon,Website,3,92.4,cooling
2025-09-09,ORD-102795,CUS-0313,Everyday Set,Core,New Territories,Mobile App,1,88.46,cooling
2025-09-10,ORD-100478,CUS-0028,Everyday Set,Core,Kowloon,Website,1,132.28,frequent_recent
2025-09-10,ORD-100672,CUS-0039,Everyday Set,Core,Hong Kong,Mobile App,4,632.09,frequent_recent
2025-09-10,ORD-100796,CUS-0046,Everyday Set,Core,International,Marketplace,2,327.68,frequent_recent
2025-09-10,ORD-101138,CUS-0072,Everyday Set,Core,Hong Kong,Marketplace,3,366.35,steady_repeat
2025-09-10,ORD-101315,CUS-0086,Everyday Set,Core,Hong Kong,Website,1,119.45,steady_repeat
2025-09-10,ORD-101778,CUS-0137,Starter Kit,Starter,New Territories,Mobile App,1,55.97,growing
2025-09-11,ORD-100213,CUS-0012,Everyday Set,Core,New Territories,Marketplace,3,604.91,frequent_recent
2025-09-11,ORD-101095,CUS-0069,Starter Kit,Starter,Kowloon,Website,1,57.0,steady_repeat
2025-09-11,ORD-101432,CUS-0095,Everyday Set,Core,Hong Kong,Website,1,115.23,steady_repeat
2025-09-11,ORD-101469,CUS-0098,Starter Kit,Starter,New Territories,Website,3,143.37,steady_repeat
2025-09-11,ORD-101492,CUS-0100,Refill Pack,Consumables,New Territories,Website,4,136.44,steady_repeat
2025-09-12,ORD-100953,CUS-0057,Refill Pack,Consumables,Hong Kong,Website,3,115.28,steady_repeat
2025-09-12,ORD-101180,CUS-0075,Everyday Set,Core,New Territories,Website,4,465.08,steady_repeat
2025-09-12,ORD-101289,CUS-0084,Premium Set,Premium,Hong Kong,Website,3,559.79,steady_repeat
2025-09-12,ORD-101470,CUS-0098,Starter Kit,Starter,New Territories,Website,1,55.45,steady_repeat
2025-09-12,ORD-101689,CUS-0123,Starter Kit,Starter,Hong Kong,Website,2,114.48,growing
2025-09-12,ORD-101809,CUS-0143,Everyday Set,Core,Hong Kong,Website,2,192.47,growing
2025-09-12,ORD-102791,CUS-0312,Premium Set,Premium,Hong Kong,Mobile App,4,542.4,cooling
2025-09-13,ORD-100105,CUS-0006,Everyday Set,Core,Hong Kong,Mobile App,2,347.28,frequent_recent
2025-09-13,ORD-100512,CUS-0030,Everyday Set,Core,Hong Kong,Website,3,401.55,frequent_recent
2025-09-13,ORD-101584,CUS-0107,Everyday Set,Core,Hong Kong,Website,2,223.95,steady_repeat
2025-09-13,ORD-102857,CUS-0324,Refill Pack,Consumables,Kowloon,Marketplace,3,85.25,cooling
2025-09-14,ORD-100605,CUS-0035,Everyday Set,Core,Hong Kong,Website,2,376.47,frequent_recent
2025-09-14,ORD-101162,CUS-0074,Refill Pack,Consumables,Hong Kong,Marketplace,1,30.67,steady_repeat
2025-09-14,ORD-101446,CUS-0096,Refill Pack,Consumables,Hong Kong,Website,4,119.58,steady_repeat
2025-09-14,ORD-101618,CUS-0110,Everyday Set,Core,International,Website,2,182.06,steady_repeat
2025-09-15,ORD-100242,CUS-0014,Premium Set,Premium,New Territories,Website,4,1035.02,frequent_recent
2025-09-15,ORD-100351,CUS-0021,Refill Pack,Consumables,Hong Kong,Marketplace,2,119.05,frequent_recent
2025-09-15,ORD-101300,CUS-0085,Everyday Set,Core,Hong Kong,Mobile App,4,328.06,steady_repeat
2025-09-15,ORD-101371,CUS-0090,Refill Pack,Consumables,New Territories,Website,2,59.63,steady_repeat
2025-09-15,ORD-101859,CUS-0152,Everyday Set,Core,Hong Kong,Mobile App,1,104.88,growing
2025-09-15,ORD-101914,CUS-0162,Everyday Set,Core,International,Marketplace,1,101.44,growing
2025-09-16,ORD-100565,CUS-0033,Everyday Set,Core,Hong Kong,Website,1,177.78,frequent_recent
2025-09-16,ORD-100859,CUS-0050,Starter Kit,Starter,Hong Kong,Marketplace,3,228.13,frequent_recent
2025-09-16,ORD-101013,CUS-0062,Refill Pack,Consumables,Kowloon,Mobile App,2,62.23,steady_repeat
2025-09-16,ORD-101229,CUS-0079,Starter Kit,Starter,New Territories,Marketplace,3,164.24,steady_repeat
2025-09-16,ORD-101593,CUS-0108,Starter Kit,Starter,Kowloon,Website,1,45.47,steady_repeat
2025-09-16,ORD-101794,CUS-0140,Everyday Set,Core,Kowloon,Website,1,75.35,growing
2025-09-16,ORD-101846,CUS-0150,Everyday Set,Core,Kowloon,Marketplace,2,230.52,growing
2025-09-16,ORD-101915,CUS-0162,Refill Pack,Consumables,International,Website,3,117.99,growing
2025-09-16,ORD-102719,CUS-0300,Starter Kit,Starter,Hong Kong,Marketplace,4,182.83,cooling
2025-09-17,ORD-100606,CUS-0035,Refill Pack,Consumables,Hong Kong,Website,2,128.03,frequent_recent
2025-09-17,ORD-101026,CUS-0063,Refill Pack,Consumables,Hong Kong,Mobile App,2,90.52,steady_repeat
2025-09-17,ORD-101779,CUS-0137,Everyday Set,Core,New Territories,Marketplace,4,422.68,growing
2025-09-17,ORD-101908,CUS-0161,Starter Kit,Starter,Hong Kong,Marketplace,1,53.77,growing
2025-09-18,ORD-100497,CUS-0029,Everyday Set,Core,Hong Kong,Marketplace,1,129.48,frequent_recent
2025-09-18,ORD-100943,CUS-0056,Starter Kit,Starter,Hong Kong,Marketplace,3,147.42,steady_repeat
2025-09-18,ORD-101332,CUS-0087,Everyday Set,Core,Hong Kong,Mobile App,4,393.36,steady_repeat
2025-09-18,ORD-101516,CUS-0102,Refill Pack,Consumables,Kowloon,Marketplace,2,67.64,steady_repeat
2025-09-18,ORD-101651,CUS-0116,Premium Set,Premium,Hong Kong,Marketplace,4,697.61,growing
2025-09-18,ORD-101709,CUS-0126,Starter Kit,Starter,Kowloon,Website,4,209.71,growing
2025-09-19,ORD-100581,CUS-0034,Starter Kit,Starter,International,Website,3,215.87,frequent_recent
2025-09-19,ORD-100828,CUS-0048,Refill Pack,Consumables,International,Marketplace,2,116.51,frequent_recent
2025-09-19,ORD-101188,CUS-0076,Starter Kit,Starter,International,Marketplace,2,109.18,steady_repeat
2025-09-19,ORD-101230,CUS-0079,Starter Kit,Starter,New Territories,Website,3,176.01,steady_repeat
2025-09-19,ORD-101388,CUS-0091,Starter Kit,Starter,New Territories,Website,1,53.92,steady_repeat
2025-09-19,ORD-101669,CUS-0119,Refill Pack,Consumables,New Territories,Website,1,39.18,growing
2025-09-19,ORD-102850,CUS-0323,Starter Kit,Starter,New Territories,Website,3,129.02,cooling
2025-09-20,ORD-100253,CUS-0015,Premium Set,Premium,Kowloon,Website,2,456.22,frequent_recent
2025-09-20,ORD-100726,CUS-0042,Refill Pack,Consumables,New Territories,Website,3,143.67,frequent_recent
2025-09-20,ORD-101110,CUS-0070,Refill Pack,Consumables,Hong Kong,Marketplace,1,40.7,steady_repeat
2025-09-20,ORD-101853,CUS-0151,Starter Kit,Starter,New Territories,Marketplace,4,233.76,growing
2025-09-20,RET-100513,CUS-0030,Everyday Set,Core,Hong Kong,Return,-1,-133.85,frequent_recent
2025-09-20,RET-102858,CUS-0324,Refill Pack,Consumables,Kowloon,Return,-1,-28.42,cooling
2025-09-21,ORD-100082,CUS-0005,Starter Kit,Starter,International,Marketplace,4,376.73,frequent_recent
2025-09-21,ORD-100727,CUS-0042,Starter Kit,Starter,New Territories,Website,3,220.77,frequent_recent
2025-09-21,ORD-101082,CUS-0068,Refill Pack,Consumables,Kowloon,Website,1,34.17,steady_repeat
2025-09-21,RET-101619,CUS-0110,Everyday Set,Core,International,Return,-1,-91.03,steady_repeat
2025-09-22,ORD-100043,CUS-0003,Everyday Set,Core,New Territories,Website,4,501.58,frequent_recent
2025-09-22,ORD-100368,CUS-0022,Everyday Set,Core,Hong Kong,Marketplace,2,378.4,frequent_recent
2025-09-22,ORD-100907,CUS-0053,Refill Pack,Consumables,New Territories,Website,1,33.44,steady_repeat
2025-09-22,ORD-101557,CUS-0105,Starter Kit,Starter,Kowloon,Website,2,96.42,steady_repeat
2025-09-22,RET-101372,CUS-0090,Refill Pack,Consumables,New Territories,Return,-1,-29.81,steady_repeat
2025-09-23,ORD-100263,CUS-0016,Refill Pack,Consumables,New Territories,Marketplace,2,94.15,frequent_recent
2025-09-23,ORD-100282,CUS-0017,Premium Set,Premium,Kowloon,Website,2,617.16,frequent_recent
2025-09-23,ORD-101316,CUS-0086,Refill Pack,Consumables,Hong Kong,Mobile App,1,38.18,steady_repeat
2025-09-23,ORD-101620,CUS-0110,Starter Kit,Starter,International,Website,2,113.54,steady_repeat
2025-09-23,ORD-101717,CUS-0127,Starter Kit,Starter,Kowloon,Website,1,33.09,growing
2025-09-23,ORD-101760,CUS-0134,Everyday Set,Core,Hong Kong,Marketplace,3,347.77,growing
2025-09-23,ORD-101816,CUS-0145,Refill Pack,Consumables,New Territories,Website,4,113.64,growing
2025-09-23,ORD-101854,CUS-0151,Everyday Set,Core,New Territories,Website,4,412.63,growing
2025-09-24,ORD-100139,CUS-0008,Premium Set,Premium,International,Mobile App,2,644.35,frequent_recent
2025-09-24,ORD-100175,CUS-0010,Everyday Set,Core,Kowloon,Mobile App,1,202.27,frequent_recent
2025-09-24,ORD-100225,CUS-0013,Refill Pack,Consumables,Hong Kong,Website,3,115.27,frequent_recent
2025-09-24,ORD-100369,CUS-0022,Everyday Set,Core,Hong Kong,Website,1,171.41,frequent_recent
2025-09-24,ORD-100388,CUS-0023,Premium Set,Premium,Hong Kong,Marketplace,4,1105.93,frequent_recent
2025-09-24,ORD-101247,CUS-0080,Premium Set,Premium,New Territories,Website,3,536.06,steady_repeat
2025-09-24,ORD-101270,CUS-0082,Everyday Set,Core,Hong Kong,Website,3,234.04,steady_repeat
2025-09-24,ORD-101346,CUS-0088,Everyday Set,Core,Kowloon,Mobile App,4,433.99,steady_repeat
2025-09-25,ORD-100531,CUS-0031,Everyday Set,Core,New Territories,Website,3,358.75,frequent_recent
2025-09-25,ORD-100875,CUS-0051,Everyday Set,Core,International,Mobile App,2,370.03,frequent_recent
2025-09-25,ORD-101111,CUS-0070,Refill Pack,Consumables,Hong Kong,Website,4,134.27,steady_repeat
2025-09-25,ORD-101271,CUS-0082,Premium Set,Premium,Hong Kong,Website,4,672.96,steady_repeat
2025-09-25,ORD-101447,CUS-0096,Everyday Set,Core,Hong Kong,Website,2,155.69,steady_repeat
2025-09-25,ORD-101493,CUS-0100,Everyday Set,Core,New Territories,Website,1,85.71,steady_repeat
2025-09-25,ORD-101594,CUS-0108,Starter Kit,Starter,Kowloon,Mobile App,4,152.59,steady_repeat
2025-09-25,ORD-101761,CUS-0134,Everyday Set,Core,Hong Kong,Mobile App,3,323.91,growing
2025-09-26,ORD-100673,CUS-0039,Everyday Set,Core,Hong Kong,Mobile App,1,186.0,frequent_recent
2025-09-26,ORD-101505,CUS-0101,Refill Pack,Consumables,Kowloon,Website,2,79.11,steady_repeat
2025-09-26,ORD-101621,CUS-0110,Refill Pack,Consumables,International,Mobile App,4,144.16,steady_repeat
2025-09-27,ORD-100060,CUS-0004,Everyday Set,Core,International,Marketplace,2,307.63,frequent_recent
2025-09-27,ORD-100158,CUS-0009,Everyday Set,Core,New Territories,Mobile App,1,111.78,frequent_recent
2025-09-27,ORD-100333,CUS-0020,Everyday Set,Core,New Territories,Website,2,351.2,frequent_recent
2025-09-27,ORD-100925,CUS-0055,Refill Pack,Consumables,International,Marketplace,4,155.27,steady_repeat
2025-09-27,ORD-101163,CUS-0074,Starter Kit,Starter,Hong Kong,Website,3,152.37,steady_repeat
2025-09-27,ORD-101648,CUS-0115,Everyday Set,Core,New Territories,Website,4,468.77,growing
2025-09-28,ORD-100226,CUS-0013,Refill Pack,Consumables,Hong Kong,Website,1,44.83,frequent_recent
2025-09-28,ORD-100514,CUS-0030,Refill Pack,Consumables,Hong Kong,Marketplace,2,74.64,frequent_recent
2025-09-28,ORD-100549,CUS-0032,Starter Kit,Starter,Kowloon,Mobile App,2,132.72,frequent_recent
2025-09-28,ORD-101652,CUS-0116,Everyday Set,Core,Hong Kong,Website,1,83.03,growing
2025-09-28,ORD-101674,CUS-0120,Starter Kit,Starter,New Territories,Marketplace,2,97.34,growing
2025-09-28,ORD-101835,CUS-0148,Everyday Set,Core,International,Mobile App,1,62.62,growing
2025-09-29,ORD-100370,CUS-0022,Everyday Set,Core,Hong Kong,Website,2,308.12,frequent_recent
2025-09-29,ORD-101360,CUS-0089,Everyday Set,Core,International,Marketplace,3,317.05,steady_repeat
2025-09-29,ORD-101361,CUS-0089,Starter Kit,Starter,International,Website,3,184.96,steady_repeat
2025-09-29,ORD-101389,CUS-0091,Everyday Set,Core,New Territories,Marketplace,3,323.08,steady_repeat
2025-09-30,ORD-101216,CUS-0078,Starter Kit,Starter,Hong Kong,Website,3,183.11,steady_repeat
2025-09-30,ORD-101399,CUS-0092,Everyday Set,Core,International,Marketplace,1,95.65,steady_repeat
2025-09-30,ORD-101734,CUS-0130,Refill Pack,Consumables,New Territories,Mobile App,3,99.41,growing
2025-09-30,ORD-101795,CUS-0140,Starter Kit,Starter,Kowloon,Mobile App,1,44.32,growing
2025-09-30,ORD-101896,CUS-0158,Starter Kit,Starter,New Territories,Marketplace,1,48.08,growing
2025-09-30,RET-101718,CUS-0127,Starter Kit,Starter,Kowloon,Return,-1,-33.09,growing
2025-10-01,ORD-100403,CUS-0024,Refill Pack,Consumables,Hong Kong,Mobile App,3,126.76,frequent_recent
2025-10-01,ORD-100404,CUS-0024,Everyday Set,Core,Hong Kong,Website,1,142.4,frequent_recent
2025-10-02,ORD-100352,CUS-0021,Starter Kit,Starter,Hong Kong,Marketplace,4,361.59,frequent_recent
2025-10-02,ORD-100479,CUS-0028,Refill Pack,Consumables,Kowloon,Marketplace,2,87.13,frequent_recent
2025-10-02,ORD-100532,CUS-0031,Premium Set,Premium,New Territories,Marketplace,2,417.77,frequent_recent
2025-10-02,ORD-100650,CUS-0038,Everyday Set,Core,New Territories,Marketplace,4,745.77,frequent_recent
2025-10-03,ORD-100405,CUS-0024,Everyday Set,Core,Hong Kong,Website,1,125.98,frequent_recent
2025-10-03,ORD-100693,CUS-0040,Everyday Set,Core,Kowloon,Website,1,133.26,frequent_recent
2025-10-03,ORD-101494,CUS-0100,Everyday Set,Core,New Territories,Website,1,77.33,steady_repeat
2025-10-03,ORD-101789,CUS-0139,Premium Set,Premium,Hong Kong,Website,4,689.19,growing
2025-10-03,ORD-101890,CUS-0157,Refill Pack,Consumables,New Territories,Website,1,39.31,growing
2025-10-04,ORD-100176,CUS-0010,Starter Kit,Starter,Kowloon,Website,2,207.32,frequent_recent
2025-10-04,ORD-101290,CUS-0084,Refill Pack,Consumables,Hong Kong,Mobile App,3,89.88,steady_repeat
2025-10-04,ORD-101595,CUS-0108,Premium Set,Premium,Kowloon,Marketplace,3,414.21,steady_repeat
2025-10-04,ORD-101774,CUS-0136,Starter Kit,Starter,International,Website,2,93.73,growing
2025-10-05,ORD-100119,CUS-0007,Starter Kit,Starter,New Territories,Marketplace,1,61.88,frequent_recent
2025-10-05,ORD-100353,CUS-0021,Starter Kit,Starter,Hong Kong,Mobile App,4,346.61,frequent_recent
2025-10-05,ORD-100446,CUS-0026,Starter Kit,Starter,Hong Kong,Marketplace,1,60.19,frequent_recent
2025-10-05,ORD-101014,CUS-0062,Everyday Set,Core,Kowloon,Website,2,187.53,steady_repeat
2025-10-05,ORD-101015,CUS-0062,Refill Pack,Consumables,Kowloon,Mobile App,3,97.25,steady_repeat
2025-10-05,ORD-101421,CUS-0094,Premium Set,Premium,Kowloon,Website,4,804.81,steady_repeat
2025-10-05,ORD-101824,CUS-0146,Starter Kit,Starter,New Territories,Website,2,117.73,growing
2025-10-06,ORD-100044,CUS-0003,Everyday Set,Core,New Territories,Website,1,121.46,frequent_recent
2025-10-06,ORD-100283,CUS-0017,Everyday Set,Core,Kowloon,Website,1,151.51,frequent_recent
2025-10-06,ORD-100371,CUS-0022,Everyday Set,Core,Hong Kong,Website,4,627.47,frequent_recent
2025-10-06,ORD-100708,CUS-0041,Everyday Set,Core,Kowloon,Marketplace,2,278.34,frequent_recent
2025-10-06,ORD-101728,CUS-0129,Everyday Set,Core,Kowloon,Marketplace,1,83.02,growing
2025-10-06,ORD-101847,CUS-0150,Refill Pack,Consumables,Kowloon,Website,2,66.63,growing
2025-10-06,ORD-101879,CUS-0155,Everyday Set,Core,Hong Kong,Website,3,321.51,growing
2025-10-07,ORD-100061,CUS-0004,Everyday Set,Core,International,Website,1,154.37,frequent_recent
2025-10-07,ORD-100214,CUS-0012,Premium Set,Premium,New Territories,Website,4,1312.98,frequent_recent
2025-10-07,ORD-100284,CUS-0017,Refill Pack,Consumables,Kowloon,Marketplace,3,180.94,frequent_recent
2025-10-07,ORD-101897,CUS-0158,Everyday Set,Core,New Territories,Marketplace,1,81.59,growing
2025-10-08,ORD-100083,CUS-0005,Everyday Set,Core,International,Marketplace,2,373.47,frequent_recent
2025-10-08,ORD-100533,CUS-0031,Everyday Set,Core,New Territories,Website,3,316.61,frequent_recent
2025-10-08,ORD-100582,CUS-0034,Starter Kit,Starter,International,Marketplace,2,146.5,frequent_recent
2025-10-08,ORD-100876,CUS-0051,Premium Set,Premium,International,Marketplace,4,1405.81,frequent_recent
2025-10-08,ORD-101400,CUS-0092,Everyday Set,Core,International,Website,4,430.68,steady_repeat
2025-10-08,ORD-101710,CUS-0126,Starter Kit,Starter,Kowloon,Marketplace,2,104.07,growing
2025-10-09,ORD-100215,CUS-0012,Starter Kit,Starter,New Territories,Mobile App,3,286.54,frequent_recent
2025-10-09,ORD-100583,CUS-0034,Starter Kit,Starter,International,Marketplace,1,62.02,frequent_recent
2025-10-09,ORD-100584,CUS-0034,Refill Pack,Consumables,International,Marketplace,1,48.87,frequent_recent
2025-10-09,ORD-100829,CUS-0048,Starter Kit,Starter,International,Mobile App,2,168.24,frequent_recent
2025-10-09,ORD-100969,CUS-0058,Refill Pack,Consumables,Hong Kong,Marketplace,2,68.79,steady_repeat
2025-10-09,ORD-101825,CUS-0146,Everyday Set,Core,New Territories,Website,4,401.58,growing
2025-10-10,ORD-100372,CUS-0022,Everyday Set,Core,Hong Kong,Website,2,335.81,frequent_recent
2025-10-10,ORD-101248,CUS-0080,Starter Kit,Starter,New Territories,Marketplace,3,124.88,steady_repeat
2025-10-10,ORD-101631,CUS-0112,Refill Pack,Consumables,New Territories,Website,2,59.23,growing
2025-10-10,ORD-101675,CUS-0120,Premium Set,Premium,New Territories,Website,1,211.35,growing
2025-10-10,ORD-101802,CUS-0142,Refill Pack,Consumables,Kowloon,Website,3,83.24,growing
2025-10-11,ORD-100354,CUS-0021,Refill Pack,Consumables,Hong Kong,Mobile App,1,58.12,frequent_recent
2025-10-11,ORD-100623,CUS-0036,Refill Pack,Consumables,Hong Kong,Marketplace,1,63.29,frequent_recent
2025-10-11,ORD-100797,CUS-0046,Everyday Set,Core,International,Marketplace,4,493.35,frequent_recent
2025-10-11,ORD-100970,CUS-0058,Everyday Set,Core,Hong Kong,Website,1,84.68,steady_repeat
2025-10-11,ORD-101189,CUS-0076,Starter Kit,Starter,International,Website,3,148.56,steady_repeat
2025-10-11,ORD-101817,CUS-0145,Starter Kit,Starter,New Territories,Marketplace,2,89.89,growing
2025-10-12,ORD-101596,CUS-0108,Refill Pack,Consumables,Kowloon,Website,2,50.59,steady_repeat
2025-10-12,ORD-101722,CUS-0128,Everyday Set,Core,Hong Kong,Website,3,225.04,growing
2025-10-12,ORD-101762,CUS-0134,Everyday Set,Core,Hong Kong,Mobile App,3,288.06,growing
2025-10-13,ORD-100014,CUS-0001,Premium Set,Premium,Hong Kong,Website,3,980.15,frequent_recent
2025-10-13,ORD-100084,CUS-0005,Everyday Set,Core,International,Website,1,201.67,frequent_recent
2025-10-13,ORD-101670,CUS-0119,Everyday Set,Core,New Territories,Mobile App,3,322.28,growing
2025-10-13,ORD-101796,CUS-0140,Everyday Set,Core,Kowloon,Website,1,85.57,growing
2025-10-13,RET-100709,CUS-0041,Everyday Set,Core,Kowloon,Return,-1,-139.17,frequent_recent
2025-10-14,ORD-100085,CUS-0005,Refill Pack,Consumables,International,Website,1,71.8,frequent_recent
2025-10-14,ORD-101362,CUS-0089,Starter Kit,Starter,International,Website,1,70.14,steady_repeat
2025-10-14,ORD-101390,CUS-0091,Starter Kit,Starter,New Territories,Mobile App,1,57.13,steady_repeat
2025-10-14,ORD-101569,CUS-0106,Premium Set,Premium,New Territories,Website,3,496.59,steady_repeat
2025-10-14,ORD-101622,CUS-0111,Starter Kit,Starter,Kowloon,Website,3,139.63,growing
2025-10-15,ORD-100062,CUS-0004,Everyday Set,Core,International,Website,2,367.25,frequent_recent
2025-10-15,ORD-100798,CUS-0046,Everyday Set,Core,International,Website,3,404.53,frequent_recent
2025-10-15,ORD-100926,CUS-0055,Starter Kit,Starter,International,Marketplace,2,100.69,steady_repeat
2025-10-15,ORD-101373,CUS-0090,Starter Kit,Starter,New Territories,Website,4,199.98,steady_repeat
2025-10-15,RET-100877,CUS-0051,Premium Set,Premium,International,Return,-1,-351.45,frequent_recent
2025-10-16,ORD-100063,CUS-0004,Everyday Set,Core,International,Website,4,563.66,frequent_recent
2025-10-16,ORD-100651,CUS-0038,Refill Pack,Consumables,New Territories,Marketplace,3,199.1,frequent_recent
2025-10-18,ORD-100015,CUS-0001,Refill Pack,Consumables,Hong Kong,Marketplace,2,103.82,frequent_recent
2025-10-18,ORD-100254,CUS-0015,Refill Pack,Consumables,Kowloon,Mobile App,2,86.08,frequent_recent
2025-10-18,ORD-100799,CUS-0046,Everyday Set,Core,International,Marketplace,2,258.04,frequent_recent
2025-10-18,ORD-101190,CUS-0076,Starter Kit,Starter,International,Website,2,87.81,steady_repeat
2025-10-19,ORD-100120,CUS-0007,Everyday Set,Core,New Territories,Mobile App,1,120.32,frequent_recent
2025-10-19,ORD-100159,CUS-0009,Everyday Set,Core,New Territories,Website,3,419.35,frequent_recent
2025-10-19,ORD-100927,CUS-0055,Starter Kit,Starter,International,Marketplace,4,227.87,steady_repeat
2025-10-19,ORD-101257,CUS-0081,Premium Set,Premium,Kowloon,Website,2,397.41,steady_repeat
2025-10-19,ORD-101749,CUS-0132,Refill Pack,Consumables,New Territories,Website,1,23.49,growing
2025-10-20,ORD-100121,CUS-0007,Everyday Set,Core,New Territories,Mobile App,4,494.23,frequent_recent
2025-10-20,ORD-101317,CUS-0086,Everyday Set,Core,Hong Kong,Website,3,365.69,steady_repeat
2025-10-20,ORD-101836,CUS-0148,Everyday Set,Core,International,Mobile App,1,81.01,growing
2025-10-21,ORD-101374,CUS-0090,Everyday Set,Core,New Territories,Mobile App,3,307.68,steady_repeat
2025-10-21,ORD-101690,CUS-0123,Everyday Set,Core,Hong Kong,Marketplace,2,236.8,growing
2025-10-22,ORD-100086,CUS-0005,Refill Pack,Consumables,International,Website,4,256.92,frequent_recent
2025-10-22,ORD-100421,CUS-0025,Refill Pack,Consumables,New Territories,Website,1,45.62,frequent_recent
2025-10-22,ORD-100728,CUS-0042,Everyday Set,Core,New Territories,Website,1,115.01,frequent_recent
2025-10-22,ORD-100780,CUS-0045,Starter Kit,Starter,Kowloon,Marketplace,3,218.62,frequent_recent
2025-10-22,ORD-100954,CUS-0057,Refill Pack,Consumables,Hong Kong,Website,1,40.43,steady_repeat
2025-10-22,ORD-101684,CUS-0122,Premium Set,Premium,Hong Kong,Website,4,747.66,growing
2025-10-22,ORD-101735,CUS-0130,Refill Pack,Consumables,New Territories,Marketplace,1,38.86,growing
2025-10-22,ORD-101750,CUS-0132,Starter Kit,Starter,New Territories,Marketplace,2,86.2,growing
2025-10-23,ORD-100422,CUS-0025,Refill Pack,Consumables,New Territories,Website,3,123.62,frequent_recent
2025-10-23,ORD-101597,CUS-0108,Premium Set,Premium,Kowloon,Mobile App,2,326.6,steady_repeat
2025-10-23,ORD-101763,CUS-0134,Starter Kit,Starter,Hong Kong,Marketplace,1,54.16,growing
2025-10-23,ORD-101830,CUS-0147,Refill Pack,Consumables,Hong Kong,Mobile App,2,48.78,growing
2025-10-23,ORD-101880,CUS-0155,Everyday Set,Core,Hong Kong,Marketplace,4,382.1,growing
2025-10-23,RET-100652,CUS-0038,Refill Pack,Consumables,New Territories,Return,-1,-66.37,frequent_recent
2025-10-24,ORD-100515,CUS-0030,Everyday Set,Core,Hong Kong,Website,1,120.15,frequent_recent
2025-10-24,ORD-100928,CUS-0055,Everyday Set,Core,International,Website,3,328.32,steady_repeat
2025-10-24,ORD-101676,CUS-0120,Everyday Set,Core,New Territories,Marketplace,1,105.58,growing
2025-10-25,ORD-101411,CUS-0093,Starter Kit,Starter,Kowloon,Website,4,151.2,steady_repeat
2025-10-25,ORD-101643,CUS-0114,Refill Pack,Consumables,Kowloon,Website,3,76.41,growing
2025-10-25,ORD-101698,CUS-0124,Everyday Set,Core,New Territories,Website,3,305.59,growing
2025-10-25,ORD-101901,CUS-0159,Everyday Set,Core,Kowloon,Website,1,101.57,growing
2025-10-26,ORD-100373,CUS-0022,Refill Pack,Consumables,Hong Kong,Marketplace,3,183.18,frequent_recent
2025-10-26,ORD-100694,CUS-0040,Refill Pack,Consumables,Kowloon,Website,3,157.18,frequent_recent
2025-10-26,ORD-100891,CUS-0052,Premium Set,Premium,Hong Kong,Website,2,699.81,frequent_recent
2025-10-26,ORD-100908,CUS-0053,Starter Kit,Starter,New Territories,Mobile App,2,110.18,steady_repeat
2025-10-26,ORD-101558,CUS-0105,Everyday Set,Core,Kowloon,Website,3,261.86,steady_repeat
2025-10-26,ORD-101780,CUS-0137,Everyday Set,Core,New Territories,Mobile App,3,292.0,growing
2025-10-26,ORD-101811,CUS-0144,Refill Pack,Consumables,International,Mobile App,1,26.47,growing
2025-10-26,ORD-101843,CUS-0149,Everyday Set,Core,New Territories,Marketplace,1,105.4,growing
2025-10-26,RET-101258,CUS-0081,Premium Set,Premium,Kowloon,Return,-1,-198.7,steady_repeat
2025-10-27,ORD-100106,CUS-0006,Everyday Set,Core,Hong Kong,Marketplace,2,359.0,frequent_recent
2025-10-27,ORD-100160,CUS-0009,Premium Set,Premium,New Territories,Website,4,1021.73,frequent_recent
2025-10-27,ORD-100653,CUS-0038,Everyday Set,Core,New Territories,Mobile App,3,527.52,frequent_recent
2025-10-27,ORD-101038,CUS-0064,Premium Set,Premium,Hong Kong,Marketplace,4,842.31,steady_repeat
2025-10-27,ORD-101164,CUS-0074,Everyday Set,Core,Hong Kong,Website,2,162.8,steady_repeat
2025-10-27,ORD-101460,CUS-0097,Refill Pack,Consumables,New Territories,Website,4,120.26,steady_repeat
2025-10-28,ORD-100264,CUS-0016,Everyday Set,Core,New Territories,Website,1,132.91,frequent_recent
2025-10-28,ORD-100654,CUS-0038,Everyday Set,Core,New Territories,Marketplace,2,355.53,frequent_recent
2025-10-28,ORD-101691,CUS-0123,Everyday Set,Core,Hong Kong,Website,1,104.24,growing
2025-10-28,ORD-101926,CUS-0164,Premium Set,Premium,Hong Kong,Mobile App,4,783.18,growing
2025-10-29,ORD-100045,CUS-0003,Refill Pack,Consumables,New Territories,Website,1,41.24,frequent_recent
2025-10-29,ORD-100389,CUS-0023,Everyday Set,Core,Hong Kong,Website,2,272.14,frequent_recent
2025-10-29,ORD-100566,CUS-0033,Refill Pack,Consumables,Hong Kong,Mobile App,4,236.32,frequent_recent
2025-10-29,ORD-100585,CUS-0034,Starter Kit,Starter,International,Marketplace,4,227.24,frequent_recent
2025-10-29,ORD-100637,CUS-0037,Refill Pack,Consumables,New Territories,Marketplace,1,61.15,frequent_recent
2025-10-29,ORD-101401,CUS-0092,Starter Kit,Starter,International,Mobile App,4,166.21,steady_repeat
2025-10-29,ORD-101745,CUS-0131,Premium Set,Premium,Hong Kong,Website,4,610.56,growing
2025-10-30,ORD-100567,CUS-0033,Everyday Set,Core,Hong Kong,Marketplace,3,559.93,frequent_recent
2025-10-30,ORD-100674,CUS-0039,Premium Set,Premium,Hong Kong,Website,2,695.29,frequent_recent
2025-10-30,ORD-101125,CUS-0071,Everyday Set,Core,Kowloon,Marketplace,3,374.69,steady_repeat
2025-10-30,ORD-101150,CUS-0073,Premium Set,Premium,Hong Kong,Marketplace,3,519.05,steady_repeat
2025-10-30,ORD-101301,CUS-0085,Premium Set,Premium,Hong Kong,Mobile App,2,352.95,steady_repeat
2025-11-01,ORD-100498,CUS-0029,Everyday Set,Core,Hong Kong,Website,4,521.59,frequent_recent
2025-11-01,ORD-100534,CUS-0031,Refill Pack,Consumables,New Territories,Website,3,123.91,frequent_recent
2025-11-01,ORD-101609,CUS-0109,Everyday Set,Core,Hong Kong,Website,2,231.03,steady_repeat
2025-11-02,ORD-100064,CUS-0004,Refill Pack,Consumables,International,Marketplace,2,117.13,frequent_recent
2025-11-02,ORD-100355,CUS-0021,Starter Kit,Starter,Hong Kong,Website,2,200.96,frequent_recent
2025-11-02,ORD-100999,CUS-0061,Refill Pack,Consumables,Kowloon,Website,4,142.21,steady_repeat
2025-11-02,ORD-101723,CUS-0128,Starter Kit,Starter,Hong Kong,Website,1,32.78,growing
2025-11-03,ORD-100334,CUS-0020,Everyday Set,Core,New Territories,Website,3,604.81,frequent_recent
2025-11-03,ORD-100516,CUS-0030,Everyday Set,Core,Hong Kong,Marketplace,3,321.98,frequent_recent
2025-11-03,ORD-100638,CUS-0037,Refill Pack,Consumables,New Territories,Website,4,237.88,frequent_recent
2025-11-03,ORD-100781,CUS-0045,Refill Pack,Consumables,Kowloon,Marketplace,3,131.18,frequent_recent
2025-11-03,ORD-101016,CUS-0062,Everyday Set,Core,Kowloon,Website,4,323.72,steady_repeat
2025-11-04,ORD-100878,CUS-0051,Starter Kit,Starter,International,Website,3,307.55,frequent_recent
2025-11-04,ORD-101291,CUS-0084,Premium Set,Premium,Hong Kong,Website,2,322.54,steady_repeat
2025-11-04,ORD-101402,CUS-0092,Starter Kit,Starter,International,Mobile App,1,43.48,steady_repeat
2025-11-04,ORD-101623,CUS-0111,Premium Set,Premium,Kowloon,Website,1,158.83,growing
2025-11-04,ORD-101702,CUS-0125,Everyday Set,Core,Kowloon,Mobile App,3,296.27,growing
2025-11-04,ORD-101736,CUS-0130,Everyday Set,Core,New Territories,Marketplace,4,379.12,growing
2025-11-04,RET-101692,CUS-0123,Everyday Set,Core,Hong Kong,Return,-1,-104.24,growing
2025-11-05,ORD-100030,CUS-0002,Refill Pack,Consumables,Hong Kong,Marketplace,1,54.43,frequent_recent
2025-11-05,ORD-100695,CUS-0040,Premium Set,Premium,Kowloon,Mobile App,3,921.22,frequent_recent
2025-11-05,ORD-100800,CUS-0046,Everyday Set,Core,International,Website,3,357.31,frequent_recent
2025-11-05,ORD-101060,CUS-0066,Premium Set,Premium,New Territories,Mobile App,3,699.62,steady_repeat
2025-11-05,ORD-101259,CUS-0081,Everyday Set,Core,Kowloon,Website,4,369.36,steady_repeat
2025-11-06,ORD-100336,CUS-0020,Everyday Set,Core,New Territories,Website,1,188.4,frequent_recent
2025-11-06,ORD-100423,CUS-0025,Starter Kit,Starter,New Territories,Website,4,285.48,frequent_recent
2025-11-06,ORD-100458,CUS-0027,Refill Pack,Consumables,Kowloon,Website,1,62.53,frequent_recent
2025-11-06,ORD-101049,CUS-0065,Premium Set,Premium,Kowloon,Mobile App,2,475.15,steady_repeat
2025-11-07,ORD-100191,CUS-0011,Starter Kit,Starter,New Territories,Marketplace,2,182.17,frequent_recent
2025-11-07,ORD-100550,CUS-0032,Starter Kit,Starter,Kowloon,Website,4,252.97,frequent_recent
2025-11-07,ORD-101217,CUS-0078,Everyday Set,Core,Hong Kong,Website,3,398.43,steady_repeat
2025-11-07,ORD-101660,CUS-0117,Everyday Set,Core,New Territories,Marketplace,2,220.45,growing
2025-11-07,ORD-101867,CUS-0153,Starter Kit,Starter,Kowloon,Website,3,122.03,growing
2025-11-08,ORD-100031,CUS-0002,Premium Set,Premium,Hong Kong,Website,1,345.76,frequent_recent
2025-11-08,ORD-100227,CUS-0013,Refill Pack,Consumables,Hong Kong,Mobile App,4,165.96,frequent_recent
2025-11-08,ORD-100568,CUS-0033,Everyday Set,Core,Hong Kong,Website,3,603.3,frequent_recent
2025-11-08,ORD-100830,CUS-0048,Everyday Set,Core,International,Marketplace,4,579.01,frequent_recent
2025-11-08,ORD-101729,CUS-0129,Everyday Set,Core,Kowloon,Mobile App,3,281.36,growing
2025-11-08,ORD-101826,CUS-0146,Refill Pack,Consumables,New Territories,Website,2,71.66,growing
2025-11-08,ORD-101831,CUS-0147,Everyday Set,Core,Hong Kong,Mobile App,4,315.96,growing
2025-11-09,ORD-100229,CUS-0013,Everyday Set,Core,Hong Kong,Marketplace,3,395.52,frequent_recent
2025-11-09,ORD-101302,CUS-0085,Everyday Set,Core,Hong Kong,Website,3,245.49,steady_repeat
2025-11-09,ORD-101585,CUS-0107,Starter Kit,Starter,Hong Kong,Website,4,261.9,steady_repeat
2025-11-09,ORD-101703,CUS-0125,Premium Set,Premium,Kowloon,Marketplace,2,418.79,growing
2025-11-09,ORD-101812,CUS-0144,Refill Pack,Consumables,International,Website,2,61.35,growing
2025-11-09,ORD-101885,CUS-0156,Everyday Set,Core,Kowloon,Website,3,216.55,growing
2025-11-09,ORD-101916,CUS-0162,Everyday Set,Core,International,Website,1,113.07,growing
2025-11-10,ORD-100192,CUS-0011,Starter Kit,Starter,New Territories,Marketplace,4,327.39,frequent_recent
2025-11-10,ORD-100313,CUS-0019,Starter Kit,Starter,Kowloon,Website,4,306.88,frequent_recent
2025-11-10,ORD-100846,CUS-0049,Refill Pack,Consumables,International,Website,2,106.01,frequent_recent
2025-11-10,ORD-100955,CUS-0057,Premium Set,Premium,Hong Kong,Website,3,631.94,steady_repeat
2025-11-10,ORD-101920,CUS-0163,Refill Pack,Consumables,Kowloon,Marketplace,4,135.9,growing
2025-11-10,RET-100335,CUS-0020,Everyday Set,Core,New Territories,Return,-1,-201.6,frequent_recent
2025-11-11,ORD-100122,CUS-0007,Refill Pack,Consumables,New Territories,Marketplace,2,78.31,frequent_recent
2025-11-11,ORD-100140,CUS-0008,Everyday Set,Core,International,Website,2,327.68,frequent_recent
2025-11-11,ORD-100749,CUS-0043,Everyday Set,Core,Kowloon,Website,2,275.05,frequent_recent
2025-11-11,ORD-100979,CUS-0059,Starter Kit,Starter,Hong Kong,Mobile App,3,139.34,steady_repeat
2025-11-11,ORD-101069,CUS-0067,Premium Set,Premium,Kowloon,Marketplace,2,432.44,steady_repeat
2025-11-11,ORD-101797,CUS-0140,Refill Pack,Consumables,Kowloon,Marketplace,4,109.95,growing
2025-11-12,ORD-100193,CUS-0011,Starter Kit,Starter,New Territories,Website,1,85.93,frequent_recent
2025-11-12,ORD-100729,CUS-0042,Everyday Set,Core,New Territories,Marketplace,4,520.93,frequent_recent
2025-11-12,ORD-101653,CUS-0116,Everyday Set,Core,Hong Kong,Website,2,194.92,growing
2025-11-12,ORD-101685,CUS-0122,Refill Pack,Consumables,Hong Kong,Marketplace,1,28.56,growing
2025-11-12,ORD-101756,CUS-0133,Everyday Set,Core,New Territories,Marketplace,4,409.01,growing
2025-11-12,ORD-101827,CUS-0146,Premium Set,Premium,New Territories,Website,2,457.1,growing
2025-11-13,ORD-100551,CUS-0032,Everyday Set,Core,Kowloon,Website,2,275.64,frequent_recent
2025-11-13,ORD-101638,CUS-0113,Starter Kit,Starter,Hong Kong,Mobile App,2,108.5,growing
2025-11-13,ORD-101810,CUS-0143,Everyday Set,Core,Hong Kong,Website,4,393.32,growing
2025-11-13,ORD-101818,CUS-0145,Premium Set,Premium,New Territories,Marketplace,4,727.52,growing
2025-11-13,ORD-101932,CUS-0165,Starter Kit,Starter,New Territories,Website,4,229.47,growing
2025-11-14,ORD-100535,CUS-0031,Starter Kit,Starter,New Territories,Website,3,175.2,frequent_recent
2025-11-14,ORD-101624,CUS-0111,Everyday Set,Core,Kowloon,Website,1,84.99,growing
2025-11-14,ORD-101665,CUS-0118,Premium Set,Premium,Hong Kong,Marketplace,1,245.7,growing
2025-11-15,ORD-100016,CUS-0001,Refill Pack,Consumables,Hong Kong,Website,2,111.61,frequent_recent
2025-11-15,ORD-100517,CUS-0030,Refill Pack,Consumables,Hong Kong,Website,1,37.9,frequent_recent
2025-11-15,ORD-100569,CUS-0033,Everyday Set,Core,Hong Kong,Marketplace,1,159.59,frequent_recent
2025-11-15,ORD-101542,CUS-0104,Premium Set,Premium,Hong Kong,Marketplace,3,548.52,steady_repeat
2025-11-15,ORD-101699,CUS-0124,Refill Pack,Consumables,New Territories,Website,4,177.64,growing
2025-11-15,ORD-101711,CUS-0126,Everyday Set,Core,Kowloon,Website,2,176.69,growing
2025-11-15,ORD-101775,CUS-0136,Everyday Set,Core,International,Website,2,173.21,growing
2025-11-15,ORD-101800,CUS-0141,Refill Pack,Consumables,Kowloon,Marketplace,1,31.75,growing
2025-11-15,RET-100228,CUS-0013,Refill Pack,Consumables,Hong Kong,Return,-1,-41.49,frequent_recent
2025-11-16,ORD-101039,CUS-0064,Premium Set,Premium,Hong Kong,Marketplace,4,744.11,steady_repeat
2025-11-16,ORD-101517,CUS-0102,Everyday Set,Core,Kowloon,Website,1,99.01,steady_repeat
2025-11-16,ORD-101921,CUS-0163,Everyday Set,Core,Kowloon,Website,1,105.86,growing
2025-11-17,ORD-101050,CUS-0065,Refill Pack,Consumables,Kowloon,Website,1,38.64,steady_repeat
2025-11-17,ORD-101412,CUS-0093,Everyday Set,Core,Kowloon,Marketplace,4,351.8,steady_repeat
2025-11-17,ORD-101719,CUS-0127,Everyday Set,Core,Kowloon,Website,2,127.97,growing
2025-11-18,ORD-100107,CUS-0006,Starter Kit,Starter,Hong Kong,Website,3,262.22,frequent_recent
2025-11-18,ORD-101292,CUS-0084,Refill Pack,Consumables,Hong Kong,Website,1,32.11,steady_repeat
2025-11-18,ORD-101543,CUS-0104,Refill Pack,Consumables,Hong Kong,Marketplace,4,117.58,steady_repeat
2025-11-18,ORD-101855,CUS-0151,Refill Pack,Consumables,New Territories,Mobile App,2,86.83,growing
2025-11-18,ORD-101881,CUS-0155,Starter Kit,Starter,Hong Kong,Website,4,216.72,growing
2025-11-19,ORD-100390,CUS-0023,Everyday Set,Core,Hong Kong,Website,2,316.51,frequent_recent
2025-11-19,ORD-100879,CUS-0051,Everyday Set,Core,International,Marketplace,2,327.19,frequent_recent
2025-11-19,ORD-101293,CUS-0084,Everyday Set,Core,Hong Kong,Website,1,96.38,steady_repeat
2025-11-19,ORD-101422,CUS-0094,Refill Pack,Consumables,Kowloon,Website,3,125.16,steady_repeat
2025-11-19,ORD-101661,CUS-0117,Starter Kit,Starter,New Territories,Marketplace,2,117.12,growing
2025-11-19,ORD-101819,CUS-0145,Starter Kit,Starter,New Territories,Marketplace,2,97.25,growing
2025-11-19,ORD-101870,CUS-0154,Refill Pack,Consumables,Hong Kong,Mobile App,2,57.61,growing
2025-11-20,ORD-100980,CUS-0059,Premium Set,Premium,Hong Kong,Website,4,698.45,steady_repeat
2025-11-20,ORD-101746,CUS-0131,Refill Pack,Consumables,Hong Kong,Marketplace,4,116.02,growing
2025-11-21,ORD-100194,CUS-0011,Refill Pack,Consumables,New Territories,Marketplace,4,231.41,frequent_recent
2025-11-21,ORD-100981,CUS-0059,Everyday Set,Core,Hong Kong,Website,2,188.75,steady_repeat
2025-11-21,ORD-101000,CUS-0061,Everyday Set,Core,Kowloon,Website,1,90.83,steady_repeat
2025-11-21,ORD-101625,CUS-0111,Refill Pack,Consumables,Kowloon,Website,4,110.86,growing
2025-11-21,ORD-101632,CUS-0112,Refill Pack,Consumables,New Territories,Website,1,32.64,growing
2025-11-21,ORD-101751,CUS-0132,Starter Kit,Starter,New Territories,Marketplace,1,33.99,growing
2025-11-22,ORD-100570,CUS-0033,Everyday Set,Core,Hong Kong,Marketplace,3,598.19,frequent_recent
2025-11-22,ORD-100586,CUS-0034,Refill Pack,Consumables,International,Website,3,130.38,frequent_recent
2025-11-22,ORD-101633,CUS-0112,Starter Kit,Starter,New Territories,Mobile App,3,143.54,growing
2025-11-22,ORD-101790,CUS-0139,Refill Pack,Consumables,Hong Kong,Marketplace,3,86.1,growing
2025-11-22,ORD-101909,CUS-0161,Starter Kit,Starter,Hong Kong,Mobile App,2,118.67,growing
2025-11-23,ORD-100017,CUS-0001,Everyday Set,Core,Hong Kong,Website,1,162.4,frequent_recent
2025-11-23,ORD-100065,CUS-0004,Everyday Set,Core,International,Mobile App,2,271.81,frequent_recent
2025-11-23,ORD-101282,CUS-0083,Starter Kit,Starter,New Territories,Website,4,218.21,steady_repeat
2025-11-23,ORD-101303,CUS-0085,Refill Pack,Consumables,Hong Kong,Mobile App,4,104.32,steady_repeat
2025-11-23,ORD-101724,CUS-0128,Starter Kit,Starter,Hong Kong,Website,2,65.33,growing
2025-11-23,ORD-101730,CUS-0129,Everyday Set,Core,Kowloon,Website,3,256.02,growing
2025-11-23,ORD-101868,CUS-0153,Everyday Set,Core,Kowloon,Mobile App,2,169.88,growing
2025-11-23,ORD-101917,CUS-0162,Starter Kit,Starter,International,Marketplace,3,153.61,growing
2025-11-24,ORD-100066,CUS-0004,Everyday Set,Core,International,Marketplace,4,603.31,frequent_recent
2025-11-24,ORD-100265,CUS-0016,Refill Pack,Consumables,New Territories,Mobile App,1,46.29,frequent_recent
2025-11-24,ORD-100459,CUS-0027,Refill Pack,Consumables,Kowloon,Marketplace,4,238.17,frequent_recent
2025-11-24,ORD-100860,CUS-0050,Starter Kit,Starter,Hong Kong,Website,4,299.23,frequent_recent
2025-11-24,ORD-101471,CUS-0098,Starter Kit,Starter,New Territories,Website,3,158.31,steady_repeat
2025-11-24,ORD-101693,CUS-0123,Everyday Set,Core,Hong Kong,Website,1,115.54,growing
2025-11-25,ORD-100141,CUS-0008,Everyday Set,Core,International,Mobile App,2,354.04,frequent_recent
2025-11-25,ORD-100424,CUS-0025,Starter Kit,Starter,New Territories,Marketplace,2,147.12,frequent_recent
2025-11-25,ORD-100639,CUS-0037,Refill Pack,Consumables,New Territories,Marketplace,4,224.26,frequent_recent
2025-11-25,ORD-100675,CUS-0039,Starter Kit,Starter,Hong Kong,Website,4,374.1,frequent_recent
2025-11-25,ORD-100710,CUS-0041,Everyday Set,Core,Kowloon,Mobile App,1,173.5,frequent_recent
2025-11-25,ORD-100816,CUS-0047,Premium Set,Premium,Kowloon,Mobile App,1,233.91,frequent_recent
2025-11-25,ORD-101764,CUS-0134,Premium Set,Premium,Hong Kong,Website,3,665.12,growing
2025-11-25,ORD-101891,CUS-0157,Premium Set,Premium,New Territories,Website,4,993.55,growing
2025-11-25,ORD-101907,CUS-0160,Refill Pack,Consumables,New Territories,Website,2,55.35,growing
2025-11-25,ORD-101927,CUS-0164,Starter Kit,Starter,Hong Kong,Website,4,218.29,growing
2025-11-26,ORD-100195,CUS-0011,Refill Pack,Consumables,New Territories,Website,4,222.49,frequent_recent
2025-11-26,ORD-100624,CUS-0036,Refill Pack,Consumables,Hong Kong,Website,3,192.32,frequent_recent
2025-11-26,ORD-100730,CUS-0042,Starter Kit,Starter,New Territories,Marketplace,3,222.81,frequent_recent
2025-11-26,ORD-100767,CUS-0044,Everyday Set,Core,Hong Kong,Marketplace,3,424.92,frequent_recent
2025-11-26,ORD-100817,CUS-0047,Everyday Set,Core,Kowloon,Website,4,515.48,frequent_recent
2025-11-26,ORD-100847,CUS-0049,Everyday Set,Core,International,Website,2,292.25,frequent_recent
2025-11-26,ORD-101844,CUS-0149,Refill Pack,Consumables,New Territories,Marketplace,2,87.76,growing
2025-11-27,ORD-100255,CUS-0015,Everyday Set,Core,Kowloon,Website,1,117.33,frequent_recent
2025-11-27,ORD-100314,CUS-0019,Starter Kit,Starter,Kowloon,Website,1,78.14,frequent_recent
2025-11-27,ORD-100696,CUS-0040,Refill Pack,Consumables,Kowloon,Marketplace,1,53.45,frequent_recent
2025-11-27,ORD-100731,CUS-0042,Everyday Set,Core,New Territories,Mobile App,2,279.31,frequent_recent
2025-11-27,ORD-101922,CUS-0163,Everyday Set,Core,Kowloon,Website,1,111.53,growing
2025-11-28,ORD-100243,CUS-0014,Everyday Set,Core,New Territories,Mobile App,1,135.21,frequent_recent
2025-11-28,ORD-100391,CUS-0023,Everyday Set,Core,Hong Kong,Website,2,302.76,frequent_recent
2025-11-28,ORD-100801,CUS-0046,Everyday Set,Core,International,Website,2,277.07,frequent_recent
2025-11-28,ORD-100831,CUS-0048,Starter Kit,Starter,International,Marketplace,2,163.88,frequent_recent
2025-11-28,ORD-100861,CUS-0050,Everyday Set,Core,Hong Kong,Marketplace,1,142.0,frequent_recent
2025-11-28,RET-101752,CUS-0132,Starter Kit,Starter,New Territories,Return,-1,-33.99,growing
2025-11-29,ORD-100296,CUS-0018,Everyday Set,Core,International,Marketplace,4,701.93,frequent_recent
2025-11-29,ORD-100892,CUS-0052,Everyday Set,Core,Hong Kong,Marketplace,3,530.89,frequent_recent
2025-11-29,ORD-101644,CUS-0114,Starter Kit,Starter,Kowloon,Marketplace,4,180.53,growing
2025-11-29,ORD-101769,CUS-0135,Everyday Set,Core,Hong Kong,Marketplace,2,148.17,growing
2025-11-29,ORD-101781,CUS-0137,Refill Pack,Consumables,New Territories,Mobile App,4,140.99,growing
2025-11-30,ORD-100177,CUS-0010,Premium Set,Premium,Kowloon,Marketplace,3,1011.77,frequent_recent
2025-11-30,ORD-100499,CUS-0029,Starter Kit,Starter,Hong Kong,Website,2,123.13,frequent_recent
2025-11-30,ORD-100536,CUS-0031,Refill Pack,Consumables,New Territories,Website,2,82.15,frequent_recent
2025-11-30,ORD-101639,CUS-0113,Everyday Set,Core,Hong Kong,Marketplace,3,258.1,growing
2025-11-30,ORD-101803,CUS-0142,Everyday Set,Core,Kowloon,Website,2,172.95,growing
2025-11-30,ORD-101943,CUS-0172,Premium Set,Premium,New Territories,Mobile App,1,213.94,first_purchase
2025-11-30,ORD-101951,CUS-0180,Refill Pack,Consumables,Kowloon,Website,3,86.9,first_purchase
2025-11-30,RET-101731,CUS-0129,Everyday Set,Core,Kowloon,Return,-1,-85.34,growing
2025-12-01,ORD-100161,CUS-0009,Everyday Set,Core,New Territories,Mobile App,4,541.85,frequent_recent
2025-12-01,ORD-100640,CUS-0037,Premium Set,Premium,New Territories,Mobile App,4,1371.76,frequent_recent
2025-12-01,ORD-100768,CUS-0044,Starter Kit,Starter,Hong Kong,Website,3,213.09,frequent_recent
2025-12-01,ORD-101634,CUS-0112,Everyday Set,Core,New Territories,Website,4,358.58,growing
2025-12-01,ORD-101704,CUS-0125,Starter Kit,Starter,Kowloon,Website,2,94.64,growing
2025-12-01,ORD-101712,CUS-0126,Refill Pack,Consumables,Kowloon,Website,2,65.9,growing
2025-12-01,ORD-101737,CUS-0130,Premium Set,Premium,New Territories,Website,4,645.55,growing
2025-12-01,ORD-101757,CUS-0133,Everyday Set,Core,New Territories,Marketplace,1,89.11,growing
2025-12-01,ORD-101871,CUS-0154,Starter Kit,Starter,Hong Kong,Marketplace,3,152.57,growing
2025-12-02,ORD-100285,CUS-0017,Everyday Set,Core,Kowloon,Mobile App,1,149.78,frequent_recent
2025-12-02,ORD-100406,CUS-0024,Starter Kit,Starter,Hong Kong,Marketplace,4,277.55,frequent_recent
2025-12-02,ORD-100880,CUS-0051,Starter Kit,Starter,International,Marketplace,3,277.29,frequent_recent
2025-12-02,ORD-101770,CUS-0135,Premium Set,Premium,Hong Kong,Website,4,663.97,growing
2025-12-02,ORD-101786,CUS-0138,Everyday Set,Core,International,Website,4,267.58,growing
2025-12-02,ORD-101813,CUS-0144,Everyday Set,Core,International,Website,4,315.67,growing
2025-12-02,RET-100142,CUS-0008,Everyday Set,Core,International,Return,-1,-177.02,frequent_recent
2025-12-02,RET-100676,CUS-0039,Starter Kit,Starter,Hong Kong,Return,-1,-93.53,frequent_recent
2025-12-03,ORD-100178,CUS-0010,Refill Pack,Consumables,Kowloon,Marketplace,3,172.93,frequent_recent
2025-12-03,ORD-100230,CUS-0013,Everyday Set,Core,Hong Kong,Website,2,248.67,frequent_recent
2025-12-03,ORD-100315,CUS-0019,Premium Set,Premium,Kowloon,Mobile App,3,893.55,frequent_recent
2025-12-03,ORD-101946,CUS-0175,Premium Set,Premium,International,Website,4,918.18,first_purchase
2025-12-03,ORD-101961,CUS-0189,Everyday Set,Core,Hong Kong,Website,4,430.92,first_purchase
2025-12-03,ORD-101962,CUS-0190,Everyday Set,Core,International,Website,2,207.43,first_purchase
2025-12-03,RET-100848,CUS-0049,Everyday Set,Core,International,Return,-1,-146.13,frequent_recent
2025-12-04,ORD-100108,CUS-0006,Starter Kit,Starter,Hong Kong,Marketplace,4,360.5,frequent_recent
2025-12-04,ORD-100337,CUS-0020,Everyday Set,Core,New Territories,Website,1,182.8,frequent_recent
2025-12-04,ORD-101873,CUS-0154,Premium Set,Premium,Hong Kong,Mobile App,3,616.17,growing
2025-12-04,ORD-101874,CUS-0154,Starter Kit,Starter,Hong Kong,Website,4,213.97,growing
2025-12-04,ORD-101936,CUS-0166,Premium Set,Premium,New Territories,Marketplace,2,352.58,first_purchase
2025-12-04,ORD-101949,CUS-0178,Everyday Set,Core,International,Website,2,230.58,first_purchase
2025-12-05,ORD-100067,CUS-0004,Everyday Set,Core,International,Website,4,635.28,frequent_recent
2025-12-05,ORD-100460,CUS-0027,Premium Set,Premium,Kowloon,Mobile App,3,1179.13,frequent_recent
2025-12-05,ORD-101947,CUS-0176,Everyday Set,Core,Hong Kong,Mobile App,1,78.61,first_purchase
2025-12-05,ORD-101969,CUS-0197,Refill Pack,Consumables,International,Mobile App,2,60.5,first_purchase
2025-12-05,RET-100832,CUS-0048,Starter Kit,Starter,International,Return,-1,-81.94,frequent_recent
2025-12-06,ORD-100046,CUS-0003,Refill Pack,Consumables,New Territories,Website,3,107.83,frequent_recent
2025-12-06,ORD-100216,CUS-0012,Refill Pack,Consumables,New Territories,Website,3,203.96,frequent_recent
2025-12-06,ORD-100266,CUS-0016,Everyday Set,Core,New Territories,Mobile App,3,413.57,frequent_recent
2025-12-06,ORD-100297,CUS-0018,Refill Pack,Consumables,International,Mobile App,1,68.74,frequent_recent
2025-12-06,ORD-100655,CUS-0038,Starter Kit,Starter,New Territories,Marketplace,4,344.95,frequent_recent
2025-12-06,ORD-101626,CUS-0111,Refill Pack,Consumables,Kowloon,Marketplace,1,28.12,growing
2025-12-06,ORD-101933,CUS-0165,Starter Kit,Starter,New Territories,Marketplace,2,117.85,growing
2025-12-06,ORD-101959,CUS-0187,Everyday Set,Core,Hong Kong,Website,4,272.82,first_purchase
2025-12-06,ORD-101965,CUS-0193,Refill Pack,Consumables,Kowloon,Mobile App,1,40.59,first_purchase
2025-12-06,RET-101782,CUS-0137,Refill Pack,Consumables,New Territories,Return,-1,-35.25,growing
2025-12-07,ORD-100316,CUS-0019,Everyday Set,Core,Kowloon,Website,1,132.52,frequent_recent
2025-12-07,ORD-100607,CUS-0035,Refill Pack,Consumables,Hong Kong,Mobile App,1,67.06,frequent_recent
2025-12-07,ORD-101902,CUS-0159,Everyday Set,Core,Kowloon,Website,3,302.44,growing
2025-12-08,ORD-100032,CUS-0002,Premium Set,Premium,Hong Kong,Website,1,317.33,frequent_recent
2025-12-08,ORD-100123,CUS-0007,Refill Pack,Consumables,New Territories,Website,3,123.0,frequent_recent
2025-12-08,ORD-100124,CUS-0007,Refill Pack,Consumables,New Territories,Marketplace,4,181.02,frequent_recent
2025-12-08,ORD-100143,CUS-0008,Refill Pack,Consumables,International,Website,2,116.24,frequent_recent
2025-12-08,ORD-100286,CUS-0017,Starter Kit,Starter,Kowloon,Mobile App,2,163.33,frequent_recent
2025-12-08,ORD-101753,CUS-0132,Everyday Set,Core,New Territories,Website,1,73.82,growing
2025-12-08,ORD-101848,CUS-0150,Starter Kit,Starter,Kowloon,Website,3,140.58,growing
2025-12-08,ORD-101970,CUS-0198,Refill Pack,Consumables,New Territories,Website,1,32.93,first_purchase
2025-12-08,RET-101738,CUS-0130,Premium Set,Premium,New Territories,Return,-1,-161.39,growing
2025-12-08,RET-101872,CUS-0154,Starter Kit,Starter,Hong Kong,Return,-1,-50.86,growing
2025-12-09,ORD-101957,CUS-0185,Everyday Set,Core,New Territories,Marketplace,2,172.19,first_purchase
2025-12-09,ORD-101964,CUS-0192,Starter Kit,Starter,Hong Kong,Mobile App,4,137.89,first_purchase
2025-12-10,ORD-100125,CUS-0007,Everyday Set,Core,New Territories,Mobile App,4,480.51,frequent_recent
2025-12-10,ORD-101910,CUS-0161,Starter Kit,Starter,Hong Kong,Marketplace,2,114.49,growing
2025-12-11,ORD-100298,CUS-0018,Everyday Set,Core,International,Website,3,512.59,frequent_recent
2025-12-11,ORD-100425,CUS-0025,Refill Pack,Consumables,New Territories,Marketplace,1,45.79,frequent_recent
2025-12-11,ORD-100518,CUS-0030,Starter Kit,Starter,Hong Kong,Marketplace,3,188.5,frequent_recent
2025-12-11,ORD-101677,CUS-0120,Refill Pack,Consumables,New Territories,Marketplace,4,136.86,growing
2025-12-11,ORD-101820,CUS-0145,Starter Kit,Starter,New Territories,Website,3,138.46,growing
2025-12-11,ORD-101935,CUS-0165,Premium Set,Premium,New Territories,Marketplace,4,896.87,growing
2025-12-12,ORD-100299,CUS-0018,Starter Kit,Starter,International,Mobile App,1,88.51,frequent_recent
2025-12-12,ORD-100818,CUS-0047,Everyday Set,Core,Kowloon,Website,3,373.35,frequent_recent
2025-12-12,ORD-101649,CUS-0115,Everyday Set,Core,New Territories,Website,2,220.03,growing
2025-12-13,ORD-100267,CUS-0016,Premium Set,Premium,New Territories,Website,3,785.09,frequent_recent
2025-12-13,ORD-100317,CUS-0019,Starter Kit,Starter,Kowloon,Marketplace,2,146.22,frequent_recent
2025-12-13,ORD-101739,CUS-0130,Refill Pack,Consumables,New Territories,Website,2,69.64,growing
2025-12-13,ORD-101837,CUS-0148,Premium Set,Premium,International,Mobile App,2,285.29,growing
2025-12-13,ORD-101968,CUS-0196,Starter Kit,Starter,Kowloon,Website,3,135.17,first_purchase
2025-12-13,RET-101934,CUS-0165,Starter Kit,Starter,New Territories,Return,-1,-58.93,growing
2025-12-14,ORD-100656,CUS-0038,Starter Kit,Starter,New Territories,Marketplace,1,82.45,frequent_recent
2025-12-14,ORD-100782,CUS-0045,Starter Kit,Starter,Kowloon,Website,2,143.79,frequent_recent
2025-12-14,ORD-101725,CUS-0128,Refill Pack,Consumables,Hong Kong,Mobile App,3,79.11,growing
2025-12-14,ORD-101966,CUS-0194,Refill Pack,Consumables,New Territories,Website,1,23.94,first_purchase
2025-12-14,ORD-101972,CUS-0200,Premium Set,Premium,New Territories,Website,2,276.88,first_purchase
2025-12-15,ORD-100087,CUS-0005,Everyday Set,Core,International,Mobile App,2,396.75,frequent_recent
2025-12-15,ORD-101679,CUS-0121,Everyday Set,Core,Kowloon,Website,3,265.35,growing
2025-12-15,ORD-101814,CUS-0144,Starter Kit,Starter,International,Marketplace,4,152.79,growing
2025-12-15,RET-101754,CUS-0132,Everyday Set,Core,New Territories,Return,-1,-73.82,growing
2025-12-16,ORD-100447,CUS-0026,Starter Kit,Starter,Hong Kong,Website,1,66.12,frequent_recent
2025-12-16,ORD-100480,CUS-0028,Starter Kit,Starter,Kowloon,Website,2,118.87,frequent_recent
2025-12-16,ORD-100552,CUS-0032,Starter Kit,Starter,Kowloon,Marketplace,4,306.34,frequent_recent
2025-12-16,ORD-101791,CUS-0139,Starter Kit,Starter,Hong Kong,Mobile App,2,104.26,growing
2025-12-16,ORD-101886,CUS-0156,Premium Set,Premium,Kowloon,Website,3,439.55,growing
2025-12-16,ORD-101958,CUS-0186,Everyday Set,Core,Kowloon,Website,3,257.39,first_purchase
2025-12-17,ORD-100196,CUS-0011,Refill Pack,Consumables,New Territories,Website,1,56.48,frequent_recent
2025-12-17,ORD-100338,CUS-0020,Refill Pack,Consumables,New Territories,Mobile App,2,119.45,frequent_recent
2025-12-17,ORD-100587,CUS-0034,Premium Set,Premium,International,Mobile App,4,1134.52,frequent_recent
2025-12-17,ORD-100625,CUS-0036,Premium Set,Premium,Hong Kong,Mobile App,2,713.63,frequent_recent
2025-12-17,ORD-101680,CUS-0121,Refill Pack,Consumables,Kowloon,Website,3,100.66,growing
2025-12-17,ORD-101952,CUS-0181,Premium Set,Premium,Hong Kong,Website,3,681.43,first_purchase
2025-12-17,ORD-101960,CUS-0188,Everyday Set,Core,Hong Kong,Mobile App,3,259.58,first_purchase
2025-12-18,ORD-100481,CUS-0028,Everyday Set,Core,Kowloon,Marketplace,4,554.77,frequent_recent
2025-12-18,ORD-101627,CUS-0111,Refill Pack,Consumables,Kowloon,Mobile App,4,129.12,growing
2025-12-18,ORD-101948,CUS-0177,Premium Set,Premium,International,Mobile App,4,642.14,first_purchase
2025-12-18,ORD-101967,CUS-0195,Everyday Set,Core,Hong Kong,Mobile App,1,95.62,first_purchase
2025-12-19,ORD-100047,CUS-0003,Everyday Set,Core,New Territories,Website,3,338.59,frequent_recent
2025-12-19,ORD-100426,CUS-0025,Starter Kit,Starter,New Territories,Website,4,275.83,frequent_recent
2025-12-19,ORD-100608,CUS-0035,Everyday Set,Core,Hong Kong,Marketplace,3,561.08,frequent_recent
2025-12-19,ORD-100657,CUS-0038,Starter Kit,Starter,New Territories,Mobile App,3,304.46,frequent_recent
2025-12-19,ORD-101940,CUS-0170,Refill Pack,Consumables,International,Marketplace,2,47.66,first_purchase
2025-12-20,ORD-101937,CUS-0167,Refill Pack,Consumables,Kowloon,Website,3,98.36,first_purchase
2025-12-20,ORD-101950,CUS-0179,Refill Pack,Consumables,New Territories,Website,3,97.35,first_purchase
2025-12-20,RET-101740,CUS-0130,Refill Pack,Consumables,New Territories,Return,-1,-34.82,growing
2025-12-21,ORD-100571,CUS-0033,Everyday Set,Core,Hong Kong,Website,1,181.5,frequent_recent
2025-12-21,ORD-101671,CUS-0119,Starter Kit,Starter,New Territories,Website,3,207.63,growing
2025-12-21,RET-101973,CUS-0200,Premium Set,Premium,New Territories,Return,-1,-138.44,first_purchase
2025-12-22,ORD-100750,CUS-0043,Everyday Set,Core,Kowloon,Marketplace,2,259.92,frequent_recent
2025-12-22,ORD-101783,CUS-0137,Everyday Set,Core,New Territories,Mobile App,4,409.38,growing
2025-12-22,ORD-101832,CUS-0147,Refill Pack,Consumables,Hong Kong,Mobile App,4,107.1,growing
2025-12-23,ORD-100374,CUS-0022,Premium Set,Premium,Hong Kong,Marketplace,2,717.62,frequent_recent
2025-12-23,ORD-101700,CUS-0124,Everyday Set,Core,New Territories,Website,2,241.27,growing
2025-12-24,ORD-100126,CUS-0007,Everyday Set,Core,New Territories,Marketplace,1,121.23,frequent_recent
2025-12-24,ORD-100356,CUS-0021,Refill Pack,Consumables,Hong Kong,Mobile App,3,199.66,frequent_recent
2025-12-24,ORD-100626,CUS-0036,Starter Kit,Starter,Hong Kong,Mobile App,3,272.04,frequent_recent
2025-12-24,ORD-100711,CUS-0041,Everyday Set,Core,Kowloon,Marketplace,1,177.91,frequent_recent
2025-12-24,ORD-100893,CUS-0052,Starter Kit,Starter,Hong Kong,Marketplace,2,162.05,frequent_recent
2025-12-24,ORD-101792,CUS-0139,Everyday Set,Core,Hong Kong,Website,4,342.99,growing
2025-12-24,ORD-101849,CUS-0150,Everyday Set,Core,Kowloon,Marketplace,1,106.58,growing
2025-12-24,ORD-101860,CUS-0152,Premium Set,Premium,Hong Kong,Website,2,376.95,growing
2025-12-24,ORD-101898,CUS-0158,Starter Kit,Starter,New Territories,Website,3,123.66,growing
2025-12-24,ORD-101941,CUS-0171,Starter Kit,Starter,Hong Kong,Website,4,166.9,first_purchase
2025-12-24,ORD-101953,CUS-0182,Everyday Set,Core,Kowloon,Website,4,375.11,first_purchase
2025-12-24,ORD-101955,CUS-0184,Refill Pack,Consumables,New Territories,Website,1,39.16,first_purchase
2025-12-25,ORD-100268,CUS-0016,Starter Kit,Starter,New Territories,Website,1,71.39,frequent_recent
2025-12-25,ORD-100658,CUS-0038,Premium Set,Premium,New Territories,Marketplace,2,656.95,frequent_recent
2025-12-25,ORD-101628,CUS-0111,Premium Set,Premium,Kowloon,Marketplace,2,289.89,growing
2025-12-25,ORD-101938,CUS-0168,Refill Pack,Consumables,Hong Kong,Website,2,49.96,first_purchase
2025-12-25,ORD-101954,CUS-0183,Refill Pack,Consumables,International,Marketplace,4,139.28,first_purchase
2025-12-26,ORD-101875,CUS-0154,Premium Set,Premium,Hong Kong,Mobile App,4,767.46,growing
2025-12-26,ORD-101944,CUS-0173,Premium Set,Premium,Kowloon,Marketplace,4,460.01,first_purchase
2025-12-27,ORD-100018,CUS-0001,Everyday Set,Core,Hong Kong,Mobile App,3,419.43,frequent_recent
2025-12-27,ORD-100427,CUS-0025,Everyday Set,Core,New Territories,Website,2,240.43,frequent_recent
2025-12-27,ORD-101939,CUS-0169,Refill Pack,Consumables,New Territories,Marketplace,1,25.4,first_purchase
2025-12-28,ORD-101654,CUS-0116,Premium Set,Premium,Hong Kong,Website,4,696.33,growing
2025-12-28,ORD-101705,CUS-0125,Everyday Set,Core,Kowloon,Marketplace,1,107.0,growing
2025-12-28,ORD-101963,CUS-0191,Refill Pack,Consumables,Kowloon,Website,2,54.65,first_purchase
2025-12-29,ORD-101945,CUS-0174,Premium Set,Premium,Hong Kong,Website,4,599.71,first_purchase
2025-12-29,ORD-101971,CUS-0199,Starter Kit,Starter,Hong Kong,Website,4,239.17,first_purchase
2025-12-31,RET-100357,CUS-0021,Refill Pack,Consumables,Hong Kong,Return,-1,-66.55,frequent_recent
2025-12-31,RET-101861,CUS-0152,Premium Set,Premium,Hong Kong,Return,-1,-188.48,growing
2025-12-31,RET-101942,CUS-0171,Starter Kit,Starter,Hong Kong,Return,-1,-41.73,first_purchase
2025-12-31,RET-101956,CUS-0184,Refill Pack,Consumables,New Territories,Return,-1,-39.16,first_purchase
